m,a,l,e,_,n,e,u,t,r,a,l
f,e,m,a,l,e,_,n,e,u,t,r,a,l
m,a,l,e,_,n,e,u,t,r,a,l
f,e,m,a,l,e,_,n,e,u,t,r,a,l
m,a,l,e,_,n,e,u,t,r,a,l
f,e,m,a,l,e,_,n,e,u,t,r,a,l
m,a,l,e,_,n,e,u,t,r,a,l
f,e,m,a,l,e,_,n,e,u,t,r,a,l
m,a,l,e,_,n,e,u,t,r,a,l
f,e,m,a,l,e,_,n,e,u,t,r,a,l
m,a,l,e,_,n,e,u,t,r,a,l
f,e,m,a,l,e,_,n,e,u,t,r,a,l
m,a,l,e,_,n,e,u,t,r,a,l
f,e,m,a,l,e,_,n,e,u,t,r,a,l
m,a,l,e,_,n,e,u,t,r,a,l
f,e,m,a,l,e,_,n,e,u,t,r,a,l
m,a,l,e,_,n,e,u,t,r,a,l
f,e,m,a,l,e,_,n,e,u,t,r,a,l
m,a,l,e,_,n,e,u,t,r,a,l
f,e,m,a,l,e,_,n,e,u,t,r,a,l
m,a,l,e,_,n,e,u,t,r,a,l
f,e,m,a,l,e,_,n,e,u,t,r,a,l
m,a,l,e,_,n,e,u,t,r,a,l
f,e,m,a,l,e,_,n,e,u,t,r,a,l
m,a,l,e,_,n,e,u,t,r,a,l
f,e,m,a,l,e,_,n,e,u,t,r,a,l
m,a,l,e,_,n,e,u,t,r,a,l
f,e,m,a,l,e,_,n,e,u,t,r,a,l
m,a,l,e,_,n,e,u,t,r,a,l
f,e,m,a,l,e,_,n,e,u,t,r,a,l
m,a,l,e,_,n,e,u,t,r,a,l
f,e,m,a,l,e,_,n,e,u,t,r,a,l
m,a,l,e,_,n,e,u,t,r,a,l
f,e,m,a,l,e,_,n,e,u,t,r,a,l
m,a,l,e,_,n,e,u,t,r,a,l
f,e,m,a,l,e,_,n,e,u,t,r,a,l
m,a,l,e,_,n,e,u,t,r,a,l
f,e,m,a,l,e,_,n,e,u,t,r,a,l
m,a,l,e,_,n,e,u,t,r,a,l
f,e,m,a,l,e,_,n,e,u,t,r,a,l
m,a,l,e,_,n,e,u,t,r,a,l
f,e,m,a,l,e,_,n,e,u,t,r,a,l
m,a,l,e,_,n,e,u,t,r,a,l
f,e,m,a,l,e,_,n,e,u,t,r,a,l
m,a,l,e,_,n,e,u,t,r,a,l
f,e,m,a,l,e,_,n,e,u,t,r,a,l
m,a,l,e,_,n,e,u,t,r,a,l
f,e,m,a,l,e,_,n,e,u,t,r,a,l
m,a,l,e,_,n,e,u,t,r,a,l
f,e,m,a,l,e,_,n,e,u,t,r,a,l
m,a,l,e,_,n,e,u,t,r,a,l
f,e,m,a,l,e,_,n,e,u,t,r,a,l
m,a,l,e,_,n,e,u,t,r,a,l
f,e,m,a,l,e,_,n,e,u,t,r,a,l
m,a,l,e,_,n,e,u,t,r,a,l
f,e,m,a,l,e,_,n,e,u,t,r,a,l
m,a,l,e,_,n,e,u,t,r,a,l
f,e,m,a,l,e,_,n,e,u,t,r,a,l
m,a,l,e,_,n,e,u,t,r,a,l
f,e,m,a,l,e,_,n,e,u,t,r,a,l
m,a,l,e,_,n,e,u,t,r,a,l
f,e,m,a,l,e,_,n,e,u,t,r,a,l
m,a,l,e,_,n,e,u,t,r,a,l
f,e,m,a,l,e,_,n,e,u,t,r,a,l
m,a,l,e,_,n,e,u,t,r,a,l
f,e,m,a,l,e,_,n,e,u,t,r,a,l
m,a,l,e,_,n,e,u,t,r,a,l
f,e,m,a,l,e,_,n,e,u,t,r,a,l
m,a,l,e,_,n,e,u,t,r,a,l
f,e,m,a,l,e,_,n,e,u,t,r,a,l
m,a,l,e,_,n,e,u,t,r,a,l
f,e,m,a,l,e,_,n,e,u,t,r,a,l
m,a,l,e,_,n,e,u,t,r,a,l
f,e,m,a,l,e,_,n,e,u,t,r,a,l
m,a,l,e,_,n,e,u,t,r,a,l
f,e,m,a,l,e,_,n,e,u,t,r,a,l
m,a,l,e,_,n,e,u,t,r,a,l
f,e,m,a,l,e,_,n,e,u,t,r,a,l
m,a,l,e,_,n,e,u,t,r,a,l
f,e,m,a,l,e,_,n,e,u,t,r,a,l
m,a,l,e,_,n,e,u,t,r,a,l
f,e,m,a,l,e,_,n,e,u,t,r,a,l
m,a,l,e,_,n,e,u,t,r,a,l
f,e,m,a,l,e,_,n,e,u,t,r,a,l
m,a,l,e,_,n,e,u,t,r,a,l
f,e,m,a,l,e,_,n,e,u,t,r,a,l
m,a,l,e,_,n,e,u,t,r,a,l
f,e,m,a,l,e,_,n,e,u,t,r,a,l
m,a,l,e,_,n,e,u,t,r,a,l
f,e,m,a,l,e,_,n,e,u,t,r,a,l
m,a,l,e,_,n,e,u,t,r,a,l
f,e,m,a,l,e,_,n,e,u,t,r,a,l
m,a,l,e,_,n,e,u,t,r,a,l
f,e,m,a,l,e,_,n,e,u,t,r,a,l
m,a,l,e,_,n,e,u,t,r,a,l
f,e,m,a,l,e,_,n,e,u,t,r,a,l
m,a,l,e,_,c,a,l,m
f,e,m,a,l,e,_,c,a,l,m
m,a,l,e,_,c,a,l,m
f,e,m,a,l,e,_,c,a,l,m
m,a,l,e,_,c,a,l,m
f,e,m,a,l,e,_,c,a,l,m
m,a,l,e,_,c,a,l,m
f,e,m,a,l,e,_,c,a,l,m
m,a,l,e,_,c,a,l,m
f,e,m,a,l,e,_,c,a,l,m
m,a,l,e,_,c,a,l,m
f,e,m,a,l,e,_,c,a,l,m
m,a,l,e,_,c,a,l,m
f,e,m,a,l,e,_,c,a,l,m
m,a,l,e,_,c,a,l,m
f,e,m,a,l,e,_,c,a,l,m
m,a,l,e,_,c,a,l,m
f,e,m,a,l,e,_,c,a,l,m
m,a,l,e,_,c,a,l,m
f,e,m,a,l,e,_,c,a,l,m
m,a,l,e,_,c,a,l,m
f,e,m,a,l,e,_,c,a,l,m
m,a,l,e,_,c,a,l,m
f,e,m,a,l,e,_,c,a,l,m
m,a,l,e,_,c,a,l,m
f,e,m,a,l,e,_,c,a,l,m
m,a,l,e,_,c,a,l,m
f,e,m,a,l,e,_,c,a,l,m
m,a,l,e,_,c,a,l,m
f,e,m,a,l,e,_,c,a,l,m
m,a,l,e,_,c,a,l,m
f,e,m,a,l,e,_,c,a,l,m
m,a,l,e,_,c,a,l,m
f,e,m,a,l,e,_,c,a,l,m
m,a,l,e,_,c,a,l,m
f,e,m,a,l,e,_,c,a,l,m
m,a,l,e,_,c,a,l,m
f,e,m,a,l,e,_,c,a,l,m
m,a,l,e,_,c,a,l,m
f,e,m,a,l,e,_,c,a,l,m
m,a,l,e,_,c,a,l,m
f,e,m,a,l,e,_,c,a,l,m
m,a,l,e,_,c,a,l,m
f,e,m,a,l,e,_,c,a,l,m
m,a,l,e,_,c,a,l,m
f,e,m,a,l,e,_,c,a,l,m
m,a,l,e,_,c,a,l,m
f,e,m,a,l,e,_,c,a,l,m
m,a,l,e,_,c,a,l,m
f,e,m,a,l,e,_,c,a,l,m
m,a,l,e,_,c,a,l,m
f,e,m,a,l,e,_,c,a,l,m
m,a,l,e,_,c,a,l,m
f,e,m,a,l,e,_,c,a,l,m
m,a,l,e,_,c,a,l,m
f,e,m,a,l,e,_,c,a,l,m
m,a,l,e,_,c,a,l,m
f,e,m,a,l,e,_,c,a,l,m
m,a,l,e,_,c,a,l,m
f,e,m,a,l,e,_,c,a,l,m
m,a,l,e,_,c,a,l,m
f,e,m,a,l,e,_,c,a,l,m
m,a,l,e,_,c,a,l,m
f,e,m,a,l,e,_,c,a,l,m
m,a,l,e,_,c,a,l,m
f,e,m,a,l,e,_,c,a,l,m
m,a,l,e,_,c,a,l,m
f,e,m,a,l,e,_,c,a,l,m
m,a,l,e,_,c,a,l,m
f,e,m,a,l,e,_,c,a,l,m
m,a,l,e,_,c,a,l,m
f,e,m,a,l,e,_,c,a,l,m
m,a,l,e,_,c,a,l,m
f,e,m,a,l,e,_,c,a,l,m
m,a,l,e,_,c,a,l,m
f,e,m,a,l,e,_,c,a,l,m
m,a,l,e,_,c,a,l,m
f,e,m,a,l,e,_,c,a,l,m
m,a,l,e,_,c,a,l,m
f,e,m,a,l,e,_,c,a,l,m
m,a,l,e,_,c,a,l,m
f,e,m,a,l,e,_,c,a,l,m
m,a,l,e,_,c,a,l,m
f,e,m,a,l,e,_,c,a,l,m
m,a,l,e,_,c,a,l,m
f,e,m,a,l,e,_,c,a,l,m
m,a,l,e,_,c,a,l,m
f,e,m,a,l,e,_,c,a,l,m
m,a,l,e,_,c,a,l,m
f,e,m,a,l,e,_,c,a,l,m
m,a,l,e,_,c,a,l,m
f,e,m,a,l,e,_,c,a,l,m
m,a,l,e,_,c,a,l,m
f,e,m,a,l,e,_,c,a,l,m
m,a,l,e,_,c,a,l,m
f,e,m,a,l,e,_,c,a,l,m
m,a,l,e,_,c,a,l,m
f,e,m,a,l,e,_,c,a,l,m
m,a,l,e,_,c,a,l,m
f,e,m,a,l,e,_,c,a,l,m
m,a,l,e,_,c,a,l,m
f,e,m,a,l,e,_,c,a,l,m
m,a,l,e,_,c,a,l,m
f,e,m,a,l,e,_,c,a,l,m
m,a,l,e,_,c,a,l,m
f,e,m,a,l,e,_,c,a,l,m
m,a,l,e,_,c,a,l,m
f,e,m,a,l,e,_,c,a,l,m
m,a,l,e,_,c,a,l,m
f,e,m,a,l,e,_,c,a,l,m
m,a,l,e,_,c,a,l,m
f,e,m,a,l,e,_,c,a,l,m
m,a,l,e,_,c,a,l,m
f,e,m,a,l,e,_,c,a,l,m
m,a,l,e,_,c,a,l,m
f,e,m,a,l,e,_,c,a,l,m
m,a,l,e,_,c,a,l,m
f,e,m,a,l,e,_,c,a,l,m
m,a,l,e,_,c,a,l,m
f,e,m,a,l,e,_,c,a,l,m
m,a,l,e,_,c,a,l,m
f,e,m,a,l,e,_,c,a,l,m
m,a,l,e,_,c,a,l,m
f,e,m,a,l,e,_,c,a,l,m
m,a,l,e,_,c,a,l,m
f,e,m,a,l,e,_,c,a,l,m
m,a,l,e,_,c,a,l,m
f,e,m,a,l,e,_,c,a,l,m
m,a,l,e,_,c,a,l,m
f,e,m,a,l,e,_,c,a,l,m
m,a,l,e,_,c,a,l,m
f,e,m,a,l,e,_,c,a,l,m
m,a,l,e,_,c,a,l,m
f,e,m,a,l,e,_,c,a,l,m
m,a,l,e,_,c,a,l,m
f,e,m,a,l,e,_,c,a,l,m
m,a,l,e,_,c,a,l,m
f,e,m,a,l,e,_,c,a,l,m
m,a,l,e,_,c,a,l,m
f,e,m,a,l,e,_,c,a,l,m
m,a,l,e,_,c,a,l,m
f,e,m,a,l,e,_,c,a,l,m
m,a,l,e,_,c,a,l,m
f,e,m,a,l,e,_,c,a,l,m
m,a,l,e,_,c,a,l,m
f,e,m,a,l,e,_,c,a,l,m
m,a,l,e,_,c,a,l,m
f,e,m,a,l,e,_,c,a,l,m
m,a,l,e,_,c,a,l,m
f,e,m,a,l,e,_,c,a,l,m
m,a,l,e,_,c,a,l,m
f,e,m,a,l,e,_,c,a,l,m
m,a,l,e,_,c,a,l,m
f,e,m,a,l,e,_,c,a,l,m
m,a,l,e,_,c,a,l,m
f,e,m,a,l,e,_,c,a,l,m
m,a,l,e,_,c,a,l,m
f,e,m,a,l,e,_,c,a,l,m
m,a,l,e,_,c,a,l,m
f,e,m,a,l,e,_,c,a,l,m
m,a,l,e,_,c,a,l,m
f,e,m,a,l,e,_,c,a,l,m
m,a,l,e,_,c,a,l,m
f,e,m,a,l,e,_,c,a,l,m
m,a,l,e,_,c,a,l,m
f,e,m,a,l,e,_,c,a,l,m
m,a,l,e,_,c,a,l,m
f,e,m,a,l,e,_,c,a,l,m
m,a,l,e,_,c,a,l,m
f,e,m,a,l,e,_,c,a,l,m
m,a,l,e,_,c,a,l,m
f,e,m,a,l,e,_,c,a,l,m
m,a,l,e,_,c,a,l,m
f,e,m,a,l,e,_,c,a,l,m
m,a,l,e,_,c,a,l,m
f,e,m,a,l,e,_,c,a,l,m
m,a,l,e,_,c,a,l,m
f,e,m,a,l,e,_,c,a,l,m
m,a,l,e,_,c,a,l,m
f,e,m,a,l,e,_,c,a,l,m
m,a,l,e,_,c,a,l,m
f,e,m,a,l,e,_,c,a,l,m
m,a,l,e,_,c,a,l,m
f,e,m,a,l,e,_,c,a,l,m
m,a,l,e,_,c,a,l,m
f,e,m,a,l,e,_,c,a,l,m
m,a,l,e,_,c,a,l,m
f,e,m,a,l,e,_,c,a,l,m
m,a,l,e,_,c,a,l,m
f,e,m,a,l,e,_,c,a,l,m
m,a,l,e,_,c,a,l,m
f,e,m,a,l,e,_,c,a,l,m
m,a,l,e,_,h,a,p,p,y
f,e,m,a,l,e,_,h,a,p,p,y
m,a,l,e,_,h,a,p,p,y
f,e,m,a,l,e,_,h,a,p,p,y
m,a,l,e,_,h,a,p,p,y
f,e,m,a,l,e,_,h,a,p,p,y
m,a,l,e,_,h,a,p,p,y
f,e,m,a,l,e,_,h,a,p,p,y
m,a,l,e,_,h,a,p,p,y
f,e,m,a,l,e,_,h,a,p,p,y
m,a,l,e,_,h,a,p,p,y
f,e,m,a,l,e,_,h,a,p,p,y
m,a,l,e,_,h,a,p,p,y
f,e,m,a,l,e,_,h,a,p,p,y
m,a,l,e,_,h,a,p,p,y
f,e,m,a,l,e,_,h,a,p,p,y
m,a,l,e,_,h,a,p,p,y
f,e,m,a,l,e,_,h,a,p,p,y
m,a,l,e,_,h,a,p,p,y
f,e,m,a,l,e,_,h,a,p,p,y
m,a,l,e,_,h,a,p,p,y
f,e,m,a,l,e,_,h,a,p,p,y
m,a,l,e,_,h,a,p,p,y
f,e,m,a,l,e,_,h,a,p,p,y
m,a,l,e,_,h,a,p,p,y
f,e,m,a,l,e,_,h,a,p,p,y
m,a,l,e,_,h,a,p,p,y
f,e,m,a,l,e,_,h,a,p,p,y
m,a,l,e,_,h,a,p,p,y
f,e,m,a,l,e,_,h,a,p,p,y
m,a,l,e,_,h,a,p,p,y
f,e,m,a,l,e,_,h,a,p,p,y
m,a,l,e,_,h,a,p,p,y
f,e,m,a,l,e,_,h,a,p,p,y
m,a,l,e,_,h,a,p,p,y
f,e,m,a,l,e,_,h,a,p,p,y
m,a,l,e,_,h,a,p,p,y
f,e,m,a,l,e,_,h,a,p,p,y
m,a,l,e,_,h,a,p,p,y
f,e,m,a,l,e,_,h,a,p,p,y
m,a,l,e,_,h,a,p,p,y
f,e,m,a,l,e,_,h,a,p,p,y
m,a,l,e,_,h,a,p,p,y
f,e,m,a,l,e,_,h,a,p,p,y
m,a,l,e,_,h,a,p,p,y
f,e,m,a,l,e,_,h,a,p,p,y
m,a,l,e,_,h,a,p,p,y
f,e,m,a,l,e,_,h,a,p,p,y
m,a,l,e,_,h,a,p,p,y
f,e,m,a,l,e,_,h,a,p,p,y
m,a,l,e,_,h,a,p,p,y
f,e,m,a,l,e,_,h,a,p,p,y
m,a,l,e,_,h,a,p,p,y
f,e,m,a,l,e,_,h,a,p,p,y
m,a,l,e,_,h,a,p,p,y
f,e,m,a,l,e,_,h,a,p,p,y
m,a,l,e,_,h,a,p,p,y
f,e,m,a,l,e,_,h,a,p,p,y
m,a,l,e,_,h,a,p,p,y
f,e,m,a,l,e,_,h,a,p,p,y
m,a,l,e,_,h,a,p,p,y
f,e,m,a,l,e,_,h,a,p,p,y
m,a,l,e,_,h,a,p,p,y
f,e,m,a,l,e,_,h,a,p,p,y
m,a,l,e,_,h,a,p,p,y
f,e,m,a,l,e,_,h,a,p,p,y
m,a,l,e,_,h,a,p,p,y
f,e,m,a,l,e,_,h,a,p,p,y
m,a,l,e,_,h,a,p,p,y
f,e,m,a,l,e,_,h,a,p,p,y
m,a,l,e,_,h,a,p,p,y
f,e,m,a,l,e,_,h,a,p,p,y
m,a,l,e,_,h,a,p,p,y
f,e,m,a,l,e,_,h,a,p,p,y
m,a,l,e,_,h,a,p,p,y
f,e,m,a,l,e,_,h,a,p,p,y
m,a,l,e,_,h,a,p,p,y
f,e,m,a,l,e,_,h,a,p,p,y
m,a,l,e,_,h,a,p,p,y
f,e,m,a,l,e,_,h,a,p,p,y
m,a,l,e,_,h,a,p,p,y
f,e,m,a,l,e,_,h,a,p,p,y
m,a,l,e,_,h,a,p,p,y
f,e,m,a,l,e,_,h,a,p,p,y
m,a,l,e,_,h,a,p,p,y
f,e,m,a,l,e,_,h,a,p,p,y
m,a,l,e,_,h,a,p,p,y
f,e,m,a,l,e,_,h,a,p,p,y
m,a,l,e,_,h,a,p,p,y
f,e,m,a,l,e,_,h,a,p,p,y
m,a,l,e,_,h,a,p,p,y
f,e,m,a,l,e,_,h,a,p,p,y
m,a,l,e,_,h,a,p,p,y
f,e,m,a,l,e,_,h,a,p,p,y
m,a,l,e,_,h,a,p,p,y
f,e,m,a,l,e,_,h,a,p,p,y
m,a,l,e,_,h,a,p,p,y
f,e,m,a,l,e,_,h,a,p,p,y
m,a,l,e,_,h,a,p,p,y
f,e,m,a,l,e,_,h,a,p,p,y
m,a,l,e,_,h,a,p,p,y
f,e,m,a,l,e,_,h,a,p,p,y
m,a,l,e,_,h,a,p,p,y
f,e,m,a,l,e,_,h,a,p,p,y
m,a,l,e,_,h,a,p,p,y
f,e,m,a,l,e,_,h,a,p,p,y
m,a,l,e,_,h,a,p,p,y
f,e,m,a,l,e,_,h,a,p,p,y
m,a,l,e,_,h,a,p,p,y
f,e,m,a,l,e,_,h,a,p,p,y
m,a,l,e,_,h,a,p,p,y
f,e,m,a,l,e,_,h,a,p,p,y
m,a,l,e,_,h,a,p,p,y
f,e,m,a,l,e,_,h,a,p,p,y
m,a,l,e,_,h,a,p,p,y
f,e,m,a,l,e,_,h,a,p,p,y
m,a,l,e,_,h,a,p,p,y
f,e,m,a,l,e,_,h,a,p,p,y
m,a,l,e,_,h,a,p,p,y
f,e,m,a,l,e,_,h,a,p,p,y
m,a,l,e,_,h,a,p,p,y
f,e,m,a,l,e,_,h,a,p,p,y
m,a,l,e,_,h,a,p,p,y
f,e,m,a,l,e,_,h,a,p,p,y
m,a,l,e,_,h,a,p,p,y
f,e,m,a,l,e,_,h,a,p,p,y
m,a,l,e,_,h,a,p,p,y
f,e,m,a,l,e,_,h,a,p,p,y
m,a,l,e,_,h,a,p,p,y
f,e,m,a,l,e,_,h,a,p,p,y
m,a,l,e,_,h,a,p,p,y
f,e,m,a,l,e,_,h,a,p,p,y
m,a,l,e,_,h,a,p,p,y
f,e,m,a,l,e,_,h,a,p,p,y
m,a,l,e,_,h,a,p,p,y
f,e,m,a,l,e,_,h,a,p,p,y
m,a,l,e,_,h,a,p,p,y
f,e,m,a,l,e,_,h,a,p,p,y
m,a,l,e,_,h,a,p,p,y
f,e,m,a,l,e,_,h,a,p,p,y
m,a,l,e,_,h,a,p,p,y
f,e,m,a,l,e,_,h,a,p,p,y
m,a,l,e,_,h,a,p,p,y
f,e,m,a,l,e,_,h,a,p,p,y
m,a,l,e,_,h,a,p,p,y
f,e,m,a,l,e,_,h,a,p,p,y
m,a,l,e,_,h,a,p,p,y
f,e,m,a,l,e,_,h,a,p,p,y
m,a,l,e,_,h,a,p,p,y
f,e,m,a,l,e,_,h,a,p,p,y
m,a,l,e,_,h,a,p,p,y
f,e,m,a,l,e,_,h,a,p,p,y
m,a,l,e,_,h,a,p,p,y
f,e,m,a,l,e,_,h,a,p,p,y
m,a,l,e,_,h,a,p,p,y
f,e,m,a,l,e,_,h,a,p,p,y
m,a,l,e,_,h,a,p,p,y
f,e,m,a,l,e,_,h,a,p,p,y
m,a,l,e,_,h,a,p,p,y
f,e,m,a,l,e,_,h,a,p,p,y
m,a,l,e,_,h,a,p,p,y
f,e,m,a,l,e,_,h,a,p,p,y
m,a,l,e,_,h,a,p,p,y
f,e,m,a,l,e,_,h,a,p,p,y
m,a,l,e,_,h,a,p,p,y
f,e,m,a,l,e,_,h,a,p,p,y
m,a,l,e,_,h,a,p,p,y
f,e,m,a,l,e,_,h,a,p,p,y
m,a,l,e,_,h,a,p,p,y
f,e,m,a,l,e,_,h,a,p,p,y
m,a,l,e,_,h,a,p,p,y
f,e,m,a,l,e,_,h,a,p,p,y
m,a,l,e,_,h,a,p,p,y
f,e,m,a,l,e,_,h,a,p,p,y
m,a,l,e,_,h,a,p,p,y
f,e,m,a,l,e,_,h,a,p,p,y
m,a,l,e,_,h,a,p,p,y
f,e,m,a,l,e,_,h,a,p,p,y
m,a,l,e,_,h,a,p,p,y
f,e,m,a,l,e,_,h,a,p,p,y
m,a,l,e,_,h,a,p,p,y
f,e,m,a,l,e,_,h,a,p,p,y
m,a,l,e,_,h,a,p,p,y
f,e,m,a,l,e,_,h,a,p,p,y
m,a,l,e,_,h,a,p,p,y
f,e,m,a,l,e,_,h,a,p,p,y
m,a,l,e,_,h,a,p,p,y
f,e,m,a,l,e,_,h,a,p,p,y
m,a,l,e,_,h,a,p,p,y
f,e,m,a,l,e,_,h,a,p,p,y
m,a,l,e,_,h,a,p,p,y
f,e,m,a,l,e,_,h,a,p,p,y
m,a,l,e,_,s,a,d
f,e,m,a,l,e,_,s,a,d
m,a,l,e,_,s,a,d
f,e,m,a,l,e,_,s,a,d
m,a,l,e,_,s,a,d
f,e,m,a,l,e,_,s,a,d
m,a,l,e,_,s,a,d
f,e,m,a,l,e,_,s,a,d
m,a,l,e,_,s,a,d
f,e,m,a,l,e,_,s,a,d
m,a,l,e,_,s,a,d
f,e,m,a,l,e,_,s,a,d
m,a,l,e,_,s,a,d
f,e,m,a,l,e,_,s,a,d
m,a,l,e,_,s,a,d
f,e,m,a,l,e,_,s,a,d
m,a,l,e,_,s,a,d
f,e,m,a,l,e,_,s,a,d
m,a,l,e,_,s,a,d
f,e,m,a,l,e,_,s,a,d
m,a,l,e,_,s,a,d
f,e,m,a,l,e,_,s,a,d
m,a,l,e,_,s,a,d
f,e,m,a,l,e,_,s,a,d
m,a,l,e,_,s,a,d
f,e,m,a,l,e,_,s,a,d
m,a,l,e,_,s,a,d
f,e,m,a,l,e,_,s,a,d
m,a,l,e,_,s,a,d
f,e,m,a,l,e,_,s,a,d
m,a,l,e,_,s,a,d
f,e,m,a,l,e,_,s,a,d
m,a,l,e,_,s,a,d
f,e,m,a,l,e,_,s,a,d
m,a,l,e,_,s,a,d
f,e,m,a,l,e,_,s,a,d
m,a,l,e,_,s,a,d
f,e,m,a,l,e,_,s,a,d
m,a,l,e,_,s,a,d
f,e,m,a,l,e,_,s,a,d
m,a,l,e,_,s,a,d
f,e,m,a,l,e,_,s,a,d
m,a,l,e,_,s,a,d
f,e,m,a,l,e,_,s,a,d
m,a,l,e,_,s,a,d
f,e,m,a,l,e,_,s,a,d
m,a,l,e,_,s,a,d
f,e,m,a,l,e,_,s,a,d
m,a,l,e,_,s,a,d
f,e,m,a,l,e,_,s,a,d
m,a,l,e,_,s,a,d
f,e,m,a,l,e,_,s,a,d
m,a,l,e,_,s,a,d
f,e,m,a,l,e,_,s,a,d
m,a,l,e,_,s,a,d
f,e,m,a,l,e,_,s,a,d
m,a,l,e,_,s,a,d
f,e,m,a,l,e,_,s,a,d
m,a,l,e,_,s,a,d
f,e,m,a,l,e,_,s,a,d
m,a,l,e,_,s,a,d
f,e,m,a,l,e,_,s,a,d
m,a,l,e,_,s,a,d
f,e,m,a,l,e,_,s,a,d
m,a,l,e,_,s,a,d
f,e,m,a,l,e,_,s,a,d
m,a,l,e,_,s,a,d
f,e,m,a,l,e,_,s,a,d
m,a,l,e,_,s,a,d
f,e,m,a,l,e,_,s,a,d
m,a,l,e,_,s,a,d
f,e,m,a,l,e,_,s,a,d
m,a,l,e,_,s,a,d
f,e,m,a,l,e,_,s,a,d
m,a,l,e,_,s,a,d
f,e,m,a,l,e,_,s,a,d
m,a,l,e,_,s,a,d
f,e,m,a,l,e,_,s,a,d
m,a,l,e,_,s,a,d
f,e,m,a,l,e,_,s,a,d
m,a,l,e,_,s,a,d
f,e,m,a,l,e,_,s,a,d
m,a,l,e,_,s,a,d
f,e,m,a,l,e,_,s,a,d
m,a,l,e,_,s,a,d
f,e,m,a,l,e,_,s,a,d
m,a,l,e,_,s,a,d
f,e,m,a,l,e,_,s,a,d
m,a,l,e,_,s,a,d
f,e,m,a,l,e,_,s,a,d
m,a,l,e,_,s,a,d
f,e,m,a,l,e,_,s,a,d
m,a,l,e,_,s,a,d
f,e,m,a,l,e,_,s,a,d
m,a,l,e,_,s,a,d
f,e,m,a,l,e,_,s,a,d
m,a,l,e,_,s,a,d
f,e,m,a,l,e,_,s,a,d
m,a,l,e,_,s,a,d
f,e,m,a,l,e,_,s,a,d
m,a,l,e,_,s,a,d
f,e,m,a,l,e,_,s,a,d
m,a,l,e,_,s,a,d
f,e,m,a,l,e,_,s,a,d
m,a,l,e,_,s,a,d
f,e,m,a,l,e,_,s,a,d
m,a,l,e,_,s,a,d
f,e,m,a,l,e,_,s,a,d
m,a,l,e,_,s,a,d
f,e,m,a,l,e,_,s,a,d
m,a,l,e,_,s,a,d
f,e,m,a,l,e,_,s,a,d
m,a,l,e,_,s,a,d
f,e,m,a,l,e,_,s,a,d
m,a,l,e,_,s,a,d
f,e,m,a,l,e,_,s,a,d
m,a,l,e,_,s,a,d
f,e,m,a,l,e,_,s,a,d
m,a,l,e,_,s,a,d
f,e,m,a,l,e,_,s,a,d
m,a,l,e,_,s,a,d
f,e,m,a,l,e,_,s,a,d
m,a,l,e,_,s,a,d
f,e,m,a,l,e,_,s,a,d
m,a,l,e,_,s,a,d
f,e,m,a,l,e,_,s,a,d
m,a,l,e,_,s,a,d
f,e,m,a,l,e,_,s,a,d
m,a,l,e,_,s,a,d
f,e,m,a,l,e,_,s,a,d
m,a,l,e,_,s,a,d
f,e,m,a,l,e,_,s,a,d
m,a,l,e,_,s,a,d
f,e,m,a,l,e,_,s,a,d
m,a,l,e,_,s,a,d
f,e,m,a,l,e,_,s,a,d
m,a,l,e,_,s,a,d
f,e,m,a,l,e,_,s,a,d
m,a,l,e,_,s,a,d
f,e,m,a,l,e,_,s,a,d
m,a,l,e,_,s,a,d
f,e,m,a,l,e,_,s,a,d
m,a,l,e,_,s,a,d
f,e,m,a,l,e,_,s,a,d
m,a,l,e,_,s,a,d
f,e,m,a,l,e,_,s,a,d
m,a,l,e,_,s,a,d
f,e,m,a,l,e,_,s,a,d
m,a,l,e,_,s,a,d
f,e,m,a,l,e,_,s,a,d
m,a,l,e,_,s,a,d
f,e,m,a,l,e,_,s,a,d
m,a,l,e,_,s,a,d
f,e,m,a,l,e,_,s,a,d
m,a,l,e,_,s,a,d
f,e,m,a,l,e,_,s,a,d
m,a,l,e,_,s,a,d
f,e,m,a,l,e,_,s,a,d
m,a,l,e,_,s,a,d
f,e,m,a,l,e,_,s,a,d
m,a,l,e,_,s,a,d
f,e,m,a,l,e,_,s,a,d
m,a,l,e,_,s,a,d
f,e,m,a,l,e,_,s,a,d
m,a,l,e,_,s,a,d
f,e,m,a,l,e,_,s,a,d
m,a,l,e,_,s,a,d
f,e,m,a,l,e,_,s,a,d
m,a,l,e,_,s,a,d
f,e,m,a,l,e,_,s,a,d
m,a,l,e,_,s,a,d
f,e,m,a,l,e,_,s,a,d
m,a,l,e,_,s,a,d
f,e,m,a,l,e,_,s,a,d
m,a,l,e,_,s,a,d
f,e,m,a,l,e,_,s,a,d
m,a,l,e,_,s,a,d
f,e,m,a,l,e,_,s,a,d
m,a,l,e,_,s,a,d
f,e,m,a,l,e,_,s,a,d
m,a,l,e,_,s,a,d
f,e,m,a,l,e,_,s,a,d
m,a,l,e,_,s,a,d
f,e,m,a,l,e,_,s,a,d
m,a,l,e,_,s,a,d
f,e,m,a,l,e,_,s,a,d
m,a,l,e,_,s,a,d
f,e,m,a,l,e,_,s,a,d
m,a,l,e,_,s,a,d
f,e,m,a,l,e,_,s,a,d
m,a,l,e,_,s,a,d
f,e,m,a,l,e,_,s,a,d
m,a,l,e,_,a,n,g,r,y
f,e,m,a,l,e,_,a,n,g,r,y
m,a,l,e,_,a,n,g,r,y
f,e,m,a,l,e,_,a,n,g,r,y
m,a,l,e,_,a,n,g,r,y
f,e,m,a,l,e,_,a,n,g,r,y
m,a,l,e,_,a,n,g,r,y
f,e,m,a,l,e,_,a,n,g,r,y
m,a,l,e,_,a,n,g,r,y
f,e,m,a,l,e,_,a,n,g,r,y
m,a,l,e,_,a,n,g,r,y
f,e,m,a,l,e,_,a,n,g,r,y
m,a,l,e,_,a,n,g,r,y
f,e,m,a,l,e,_,a,n,g,r,y
m,a,l,e,_,a,n,g,r,y
f,e,m,a,l,e,_,a,n,g,r,y
m,a,l,e,_,a,n,g,r,y
f,e,m,a,l,e,_,a,n,g,r,y
m,a,l,e,_,a,n,g,r,y
f,e,m,a,l,e,_,a,n,g,r,y
m,a,l,e,_,a,n,g,r,y
f,e,m,a,l,e,_,a,n,g,r,y
m,a,l,e,_,a,n,g,r,y
f,e,m,a,l,e,_,a,n,g,r,y
m,a,l,e,_,a,n,g,r,y
f,e,m,a,l,e,_,a,n,g,r,y
m,a,l,e,_,a,n,g,r,y
f,e,m,a,l,e,_,a,n,g,r,y
m,a,l,e,_,a,n,g,r,y
f,e,m,a,l,e,_,a,n,g,r,y
m,a,l,e,_,a,n,g,r,y
f,e,m,a,l,e,_,a,n,g,r,y
m,a,l,e,_,a,n,g,r,y
f,e,m,a,l,e,_,a,n,g,r,y
m,a,l,e,_,a,n,g,r,y
f,e,m,a,l,e,_,a,n,g,r,y
m,a,l,e,_,a,n,g,r,y
f,e,m,a,l,e,_,a,n,g,r,y
m,a,l,e,_,a,n,g,r,y
f,e,m,a,l,e,_,a,n,g,r,y
m,a,l,e,_,a,n,g,r,y
f,e,m,a,l,e,_,a,n,g,r,y
m,a,l,e,_,a,n,g,r,y
f,e,m,a,l,e,_,a,n,g,r,y
m,a,l,e,_,a,n,g,r,y
f,e,m,a,l,e,_,a,n,g,r,y
m,a,l,e,_,a,n,g,r,y
f,e,m,a,l,e,_,a,n,g,r,y
m,a,l,e,_,a,n,g,r,y
f,e,m,a,l,e,_,a,n,g,r,y
m,a,l,e,_,a,n,g,r,y
f,e,m,a,l,e,_,a,n,g,r,y
m,a,l,e,_,a,n,g,r,y
f,e,m,a,l,e,_,a,n,g,r,y
m,a,l,e,_,a,n,g,r,y
f,e,m,a,l,e,_,a,n,g,r,y
m,a,l,e,_,a,n,g,r,y
f,e,m,a,l,e,_,a,n,g,r,y
m,a,l,e,_,a,n,g,r,y
f,e,m,a,l,e,_,a,n,g,r,y
m,a,l,e,_,a,n,g,r,y
f,e,m,a,l,e,_,a,n,g,r,y
m,a,l,e,_,a,n,g,r,y
f,e,m,a,l,e,_,a,n,g,r,y
m,a,l,e,_,a,n,g,r,y
f,e,m,a,l,e,_,a,n,g,r,y
m,a,l,e,_,a,n,g,r,y
f,e,m,a,l,e,_,a,n,g,r,y
m,a,l,e,_,a,n,g,r,y
f,e,m,a,l,e,_,a,n,g,r,y
m,a,l,e,_,a,n,g,r,y
f,e,m,a,l,e,_,a,n,g,r,y
m,a,l,e,_,a,n,g,r,y
f,e,m,a,l,e,_,a,n,g,r,y
m,a,l,e,_,a,n,g,r,y
f,e,m,a,l,e,_,a,n,g,r,y
m,a,l,e,_,a,n,g,r,y
f,e,m,a,l,e,_,a,n,g,r,y
m,a,l,e,_,a,n,g,r,y
f,e,m,a,l,e,_,a,n,g,r,y
m,a,l,e,_,a,n,g,r,y
f,e,m,a,l,e,_,a,n,g,r,y
m,a,l,e,_,a,n,g,r,y
f,e,m,a,l,e,_,a,n,g,r,y
m,a,l,e,_,a,n,g,r,y
f,e,m,a,l,e,_,a,n,g,r,y
m,a,l,e,_,a,n,g,r,y
f,e,m,a,l,e,_,a,n,g,r,y
m,a,l,e,_,a,n,g,r,y
f,e,m,a,l,e,_,a,n,g,r,y
m,a,l,e,_,a,n,g,r,y
f,e,m,a,l,e,_,a,n,g,r,y
m,a,l,e,_,a,n,g,r,y
f,e,m,a,l,e,_,a,n,g,r,y
m,a,l,e,_,a,n,g,r,y
f,e,m,a,l,e,_,a,n,g,r,y
m,a,l,e,_,a,n,g,r,y
f,e,m,a,l,e,_,a,n,g,r,y
m,a,l,e,_,a,n,g,r,y
f,e,m,a,l,e,_,a,n,g,r,y
m,a,l,e,_,a,n,g,r,y
f,e,m,a,l,e,_,a,n,g,r,y
m,a,l,e,_,a,n,g,r,y
f,e,m,a,l,e,_,a,n,g,r,y
m,a,l,e,_,a,n,g,r,y
f,e,m,a,l,e,_,a,n,g,r,y
m,a,l,e,_,a,n,g,r,y
f,e,m,a,l,e,_,a,n,g,r,y
m,a,l,e,_,a,n,g,r,y
f,e,m,a,l,e,_,a,n,g,r,y
m,a,l,e,_,a,n,g,r,y
f,e,m,a,l,e,_,a,n,g,r,y
m,a,l,e,_,a,n,g,r,y
f,e,m,a,l,e,_,a,n,g,r,y
m,a,l,e,_,a,n,g,r,y
f,e,m,a,l,e,_,a,n,g,r,y
m,a,l,e,_,a,n,g,r,y
f,e,m,a,l,e,_,a,n,g,r,y
m,a,l,e,_,a,n,g,r,y
f,e,m,a,l,e,_,a,n,g,r,y
m,a,l,e,_,a,n,g,r,y
f,e,m,a,l,e,_,a,n,g,r,y
m,a,l,e,_,a,n,g,r,y
f,e,m,a,l,e,_,a,n,g,r,y
m,a,l,e,_,a,n,g,r,y
f,e,m,a,l,e,_,a,n,g,r,y
m,a,l,e,_,a,n,g,r,y
f,e,m,a,l,e,_,a,n,g,r,y
m,a,l,e,_,a,n,g,r,y
f,e,m,a,l,e,_,a,n,g,r,y
m,a,l,e,_,a,n,g,r,y
f,e,m,a,l,e,_,a,n,g,r,y
m,a,l,e,_,a,n,g,r,y
f,e,m,a,l,e,_,a,n,g,r,y
m,a,l,e,_,a,n,g,r,y
f,e,m,a,l,e,_,a,n,g,r,y
m,a,l,e,_,a,n,g,r,y
f,e,m,a,l,e,_,a,n,g,r,y
m,a,l,e,_,a,n,g,r,y
f,e,m,a,l,e,_,a,n,g,r,y
m,a,l,e,_,a,n,g,r,y
f,e,m,a,l,e,_,a,n,g,r,y
m,a,l,e,_,a,n,g,r,y
f,e,m,a,l,e,_,a,n,g,r,y
m,a,l,e,_,a,n,g,r,y
f,e,m,a,l,e,_,a,n,g,r,y
m,a,l,e,_,a,n,g,r,y
f,e,m,a,l,e,_,a,n,g,r,y
m,a,l,e,_,a,n,g,r,y
f,e,m,a,l,e,_,a,n,g,r,y
m,a,l,e,_,a,n,g,r,y
f,e,m,a,l,e,_,a,n,g,r,y
m,a,l,e,_,a,n,g,r,y
f,e,m,a,l,e,_,a,n,g,r,y
m,a,l,e,_,a,n,g,r,y
f,e,m,a,l,e,_,a,n,g,r,y
m,a,l,e,_,a,n,g,r,y
f,e,m,a,l,e,_,a,n,g,r,y
m,a,l,e,_,a,n,g,r,y
f,e,m,a,l,e,_,a,n,g,r,y
m,a,l,e,_,a,n,g,r,y
f,e,m,a,l,e,_,a,n,g,r,y
m,a,l,e,_,a,n,g,r,y
f,e,m,a,l,e,_,a,n,g,r,y
m,a,l,e,_,a,n,g,r,y
f,e,m,a,l,e,_,a,n,g,r,y
m,a,l,e,_,a,n,g,r,y
f,e,m,a,l,e,_,a,n,g,r,y
m,a,l,e,_,a,n,g,r,y
f,e,m,a,l,e,_,a,n,g,r,y
m,a,l,e,_,a,n,g,r,y
f,e,m,a,l,e,_,a,n,g,r,y
m,a,l,e,_,a,n,g,r,y
f,e,m,a,l,e,_,a,n,g,r,y
m,a,l,e,_,a,n,g,r,y
f,e,m,a,l,e,_,a,n,g,r,y
m,a,l,e,_,a,n,g,r,y
f,e,m,a,l,e,_,a,n,g,r,y
m,a,l,e,_,a,n,g,r,y
f,e,m,a,l,e,_,a,n,g,r,y
m,a,l,e,_,a,n,g,r,y
f,e,m,a,l,e,_,a,n,g,r,y
m,a,l,e,_,a,n,g,r,y
f,e,m,a,l,e,_,a,n,g,r,y
m,a,l,e,_,a,n,g,r,y
f,e,m,a,l,e,_,a,n,g,r,y
m,a,l,e,_,a,n,g,r,y
f,e,m,a,l,e,_,a,n,g,r,y
m,a,l,e,_,a,n,g,r,y
f,e,m,a,l,e,_,a,n,g,r,y
m,a,l,e,_,a,n,g,r,y
f,e,m,a,l,e,_,a,n,g,r,y
m,a,l,e,_,f,e,a,r,f,u,l
f,e,m,a,l,e,_,f,e,a,r,f,u,l
m,a,l,e,_,f,e,a,r,f,u,l
f,e,m,a,l,e,_,f,e,a,r,f,u,l
m,a,l,e,_,f,e,a,r,f,u,l
f,e,m,a,l,e,_,f,e,a,r,f,u,l
m,a,l,e,_,f,e,a,r,f,u,l
f,e,m,a,l,e,_,f,e,a,r,f,u,l
m,a,l,e,_,f,e,a,r,f,u,l
f,e,m,a,l,e,_,f,e,a,r,f,u,l
m,a,l,e,_,f,e,a,r,f,u,l
f,e,m,a,l,e,_,f,e,a,r,f,u,l
m,a,l,e,_,f,e,a,r,f,u,l
f,e,m,a,l,e,_,f,e,a,r,f,u,l
m,a,l,e,_,f,e,a,r,f,u,l
f,e,m,a,l,e,_,f,e,a,r,f,u,l
m,a,l,e,_,f,e,a,r,f,u,l
f,e,m,a,l,e,_,f,e,a,r,f,u,l
m,a,l,e,_,f,e,a,r,f,u,l
f,e,m,a,l,e,_,f,e,a,r,f,u,l
m,a,l,e,_,f,e,a,r,f,u,l
f,e,m,a,l,e,_,f,e,a,r,f,u,l
m,a,l,e,_,f,e,a,r,f,u,l
f,e,m,a,l,e,_,f,e,a,r,f,u,l
m,a,l,e,_,f,e,a,r,f,u,l
f,e,m,a,l,e,_,f,e,a,r,f,u,l
m,a,l,e,_,f,e,a,r,f,u,l
f,e,m,a,l,e,_,f,e,a,r,f,u,l
m,a,l,e,_,f,e,a,r,f,u,l
f,e,m,a,l,e,_,f,e,a,r,f,u,l
m,a,l,e,_,f,e,a,r,f,u,l
f,e,m,a,l,e,_,f,e,a,r,f,u,l
m,a,l,e,_,f,e,a,r,f,u,l
f,e,m,a,l,e,_,f,e,a,r,f,u,l
m,a,l,e,_,f,e,a,r,f,u,l
f,e,m,a,l,e,_,f,e,a,r,f,u,l
m,a,l,e,_,f,e,a,r,f,u,l
f,e,m,a,l,e,_,f,e,a,r,f,u,l
m,a,l,e,_,f,e,a,r,f,u,l
f,e,m,a,l,e,_,f,e,a,r,f,u,l
m,a,l,e,_,f,e,a,r,f,u,l
f,e,m,a,l,e,_,f,e,a,r,f,u,l
m,a,l,e,_,f,e,a,r,f,u,l
f,e,m,a,l,e,_,f,e,a,r,f,u,l
m,a,l,e,_,f,e,a,r,f,u,l
f,e,m,a,l,e,_,f,e,a,r,f,u,l
m,a,l,e,_,f,e,a,r,f,u,l
f,e,m,a,l,e,_,f,e,a,r,f,u,l
m,a,l,e,_,f,e,a,r,f,u,l
f,e,m,a,l,e,_,f,e,a,r,f,u,l
m,a,l,e,_,f,e,a,r,f,u,l
f,e,m,a,l,e,_,f,e,a,r,f,u,l
m,a,l,e,_,f,e,a,r,f,u,l
f,e,m,a,l,e,_,f,e,a,r,f,u,l
m,a,l,e,_,f,e,a,r,f,u,l
f,e,m,a,l,e,_,f,e,a,r,f,u,l
m,a,l,e,_,f,e,a,r,f,u,l
f,e,m,a,l,e,_,f,e,a,r,f,u,l
m,a,l,e,_,f,e,a,r,f,u,l
f,e,m,a,l,e,_,f,e,a,r,f,u,l
m,a,l,e,_,f,e,a,r,f,u,l
f,e,m,a,l,e,_,f,e,a,r,f,u,l
m,a,l,e,_,f,e,a,r,f,u,l
f,e,m,a,l,e,_,f,e,a,r,f,u,l
m,a,l,e,_,f,e,a,r,f,u,l
f,e,m,a,l,e,_,f,e,a,r,f,u,l
m,a,l,e,_,f,e,a,r,f,u,l
f,e,m,a,l,e,_,f,e,a,r,f,u,l
m,a,l,e,_,f,e,a,r,f,u,l
f,e,m,a,l,e,_,f,e,a,r,f,u,l
m,a,l,e,_,f,e,a,r,f,u,l
f,e,m,a,l,e,_,f,e,a,r,f,u,l
m,a,l,e,_,f,e,a,r,f,u,l
f,e,m,a,l,e,_,f,e,a,r,f,u,l
m,a,l,e,_,f,e,a,r,f,u,l
f,e,m,a,l,e,_,f,e,a,r,f,u,l
m,a,l,e,_,f,e,a,r,f,u,l
f,e,m,a,l,e,_,f,e,a,r,f,u,l
m,a,l,e,_,f,e,a,r,f,u,l
f,e,m,a,l,e,_,f,e,a,r,f,u,l
m,a,l,e,_,f,e,a,r,f,u,l
f,e,m,a,l,e,_,f,e,a,r,f,u,l
m,a,l,e,_,f,e,a,r,f,u,l
f,e,m,a,l,e,_,f,e,a,r,f,u,l
m,a,l,e,_,f,e,a,r,f,u,l
f,e,m,a,l,e,_,f,e,a,r,f,u,l
m,a,l,e,_,f,e,a,r,f,u,l
f,e,m,a,l,e,_,f,e,a,r,f,u,l
m,a,l,e,_,f,e,a,r,f,u,l
f,e,m,a,l,e,_,f,e,a,r,f,u,l
m,a,l,e,_,f,e,a,r,f,u,l
f,e,m,a,l,e,_,f,e,a,r,f,u,l
m,a,l,e,_,f,e,a,r,f,u,l
f,e,m,a,l,e,_,f,e,a,r,f,u,l
m,a,l,e,_,f,e,a,r,f,u,l
f,e,m,a,l,e,_,f,e,a,r,f,u,l
m,a,l,e,_,f,e,a,r,f,u,l
f,e,m,a,l,e,_,f,e,a,r,f,u,l
m,a,l,e,_,f,e,a,r,f,u,l
f,e,m,a,l,e,_,f,e,a,r,f,u,l
m,a,l,e,_,f,e,a,r,f,u,l
f,e,m,a,l,e,_,f,e,a,r,f,u,l
m,a,l,e,_,f,e,a,r,f,u,l
f,e,m,a,l,e,_,f,e,a,r,f,u,l
m,a,l,e,_,f,e,a,r,f,u,l
f,e,m,a,l,e,_,f,e,a,r,f,u,l
m,a,l,e,_,f,e,a,r,f,u,l
f,e,m,a,l,e,_,f,e,a,r,f,u,l
m,a,l,e,_,f,e,a,r,f,u,l
f,e,m,a,l,e,_,f,e,a,r,f,u,l
m,a,l,e,_,f,e,a,r,f,u,l
f,e,m,a,l,e,_,f,e,a,r,f,u,l
m,a,l,e,_,f,e,a,r,f,u,l
f,e,m,a,l,e,_,f,e,a,r,f,u,l
m,a,l,e,_,f,e,a,r,f,u,l
f,e,m,a,l,e,_,f,e,a,r,f,u,l
m,a,l,e,_,f,e,a,r,f,u,l
f,e,m,a,l,e,_,f,e,a,r,f,u,l
m,a,l,e,_,f,e,a,r,f,u,l
f,e,m,a,l,e,_,f,e,a,r,f,u,l
m,a,l,e,_,f,e,a,r,f,u,l
f,e,m,a,l,e,_,f,e,a,r,f,u,l
m,a,l,e,_,f,e,a,r,f,u,l
f,e,m,a,l,e,_,f,e,a,r,f,u,l
m,a,l,e,_,f,e,a,r,f,u,l
f,e,m,a,l,e,_,f,e,a,r,f,u,l
m,a,l,e,_,f,e,a,r,f,u,l
f,e,m,a,l,e,_,f,e,a,r,f,u,l
m,a,l,e,_,f,e,a,r,f,u,l
f,e,m,a,l,e,_,f,e,a,r,f,u,l
m,a,l,e,_,f,e,a,r,f,u,l
f,e,m,a,l,e,_,f,e,a,r,f,u,l
m,a,l,e,_,f,e,a,r,f,u,l
f,e,m,a,l,e,_,f,e,a,r,f,u,l
m,a,l,e,_,f,e,a,r,f,u,l
f,e,m,a,l,e,_,f,e,a,r,f,u,l
m,a,l,e,_,f,e,a,r,f,u,l
f,e,m,a,l,e,_,f,e,a,r,f,u,l
m,a,l,e,_,f,e,a,r,f,u,l
f,e,m,a,l,e,_,f,e,a,r,f,u,l
m,a,l,e,_,f,e,a,r,f,u,l
f,e,m,a,l,e,_,f,e,a,r,f,u,l
m,a,l,e,_,f,e,a,r,f,u,l
f,e,m,a,l,e,_,f,e,a,r,f,u,l
m,a,l,e,_,f,e,a,r,f,u,l
f,e,m,a,l,e,_,f,e,a,r,f,u,l
m,a,l,e,_,f,e,a,r,f,u,l
f,e,m,a,l,e,_,f,e,a,r,f,u,l
m,a,l,e,_,f,e,a,r,f,u,l
f,e,m,a,l,e,_,f,e,a,r,f,u,l
m,a,l,e,_,f,e,a,r,f,u,l
f,e,m,a,l,e,_,f,e,a,r,f,u,l
m,a,l,e,_,f,e,a,r,f,u,l
f,e,m,a,l,e,_,f,e,a,r,f,u,l
m,a,l,e,_,f,e,a,r,f,u,l
f,e,m,a,l,e,_,f,e,a,r,f,u,l
m,a,l,e,_,f,e,a,r,f,u,l
f,e,m,a,l,e,_,f,e,a,r,f,u,l
m,a,l,e,_,f,e,a,r,f,u,l
f,e,m,a,l,e,_,f,e,a,r,f,u,l
m,a,l,e,_,f,e,a,r,f,u,l
f,e,m,a,l,e,_,f,e,a,r,f,u,l
m,a,l,e,_,f,e,a,r,f,u,l
f,e,m,a,l,e,_,f,e,a,r,f,u,l
m,a,l,e,_,f,e,a,r,f,u,l
f,e,m,a,l,e,_,f,e,a,r,f,u,l
m,a,l,e,_,f,e,a,r,f,u,l
f,e,m,a,l,e,_,f,e,a,r,f,u,l
m,a,l,e,_,f,e,a,r,f,u,l
f,e,m,a,l,e,_,f,e,a,r,f,u,l
m,a,l,e,_,f,e,a,r,f,u,l
f,e,m,a,l,e,_,f,e,a,r,f,u,l
m,a,l,e,_,f,e,a,r,f,u,l
f,e,m,a,l,e,_,f,e,a,r,f,u,l
m,a,l,e,_,f,e,a,r,f,u,l
f,e,m,a,l,e,_,f,e,a,r,f,u,l
m,a,l,e,_,f,e,a,r,f,u,l
f,e,m,a,l,e,_,f,e,a,r,f,u,l
m,a,l,e,_,f,e,a,r,f,u,l
f,e,m,a,l,e,_,f,e,a,r,f,u,l
m,a,l,e,_,f,e,a,r,f,u,l
f,e,m,a,l,e,_,f,e,a,r,f,u,l
m,a,l,e,_,f,e,a,r,f,u,l
f,e,m,a,l,e,_,f,e,a,r,f,u,l
m,a,l,e,_,f,e,a,r,f,u,l
f,e,m,a,l,e,_,f,e,a,r,f,u,l
m,a,l,e,_,f,e,a,r,f,u,l
f,e,m,a,l,e,_,f,e,a,r,f,u,l
m,a,l,e,_,f,e,a,r,f,u,l
f,e,m,a,l,e,_,f,e,a,r,f,u,l
m,a,l,e,_,f,e,a,r,f,u,l
f,e,m,a,l,e,_,f,e,a,r,f,u,l
m,a,l,e,_,d,i,s,g,u,s,t
f,e,m,a,l,e,_,d,i,s,g,u,s,t
m,a,l,e,_,d,i,s,g,u,s,t
f,e,m,a,l,e,_,d,i,s,g,u,s,t
m,a,l,e,_,d,i,s,g,u,s,t
f,e,m,a,l,e,_,d,i,s,g,u,s,t
m,a,l,e,_,d,i,s,g,u,s,t
f,e,m,a,l,e,_,d,i,s,g,u,s,t
m,a,l,e,_,d,i,s,g,u,s,t
f,e,m,a,l,e,_,d,i,s,g,u,s,t
m,a,l,e,_,d,i,s,g,u,s,t
f,e,m,a,l,e,_,d,i,s,g,u,s,t
m,a,l,e,_,d,i,s,g,u,s,t
f,e,m,a,l,e,_,d,i,s,g,u,s,t
m,a,l,e,_,d,i,s,g,u,s,t
f,e,m,a,l,e,_,d,i,s,g,u,s,t
m,a,l,e,_,d,i,s,g,u,s,t
f,e,m,a,l,e,_,d,i,s,g,u,s,t
m,a,l,e,_,d,i,s,g,u,s,t
f,e,m,a,l,e,_,d,i,s,g,u,s,t
m,a,l,e,_,d,i,s,g,u,s,t
f,e,m,a,l,e,_,d,i,s,g,u,s,t
m,a,l,e,_,d,i,s,g,u,s,t
f,e,m,a,l,e,_,d,i,s,g,u,s,t
m,a,l,e,_,d,i,s,g,u,s,t
f,e,m,a,l,e,_,d,i,s,g,u,s,t
m,a,l,e,_,d,i,s,g,u,s,t
f,e,m,a,l,e,_,d,i,s,g,u,s,t
m,a,l,e,_,d,i,s,g,u,s,t
f,e,m,a,l,e,_,d,i,s,g,u,s,t
m,a,l,e,_,d,i,s,g,u,s,t
f,e,m,a,l,e,_,d,i,s,g,u,s,t
m,a,l,e,_,d,i,s,g,u,s,t
f,e,m,a,l,e,_,d,i,s,g,u,s,t
m,a,l,e,_,d,i,s,g,u,s,t
f,e,m,a,l,e,_,d,i,s,g,u,s,t
m,a,l,e,_,d,i,s,g,u,s,t
f,e,m,a,l,e,_,d,i,s,g,u,s,t
m,a,l,e,_,d,i,s,g,u,s,t
f,e,m,a,l,e,_,d,i,s,g,u,s,t
m,a,l,e,_,d,i,s,g,u,s,t
f,e,m,a,l,e,_,d,i,s,g,u,s,t
m,a,l,e,_,d,i,s,g,u,s,t
f,e,m,a,l,e,_,d,i,s,g,u,s,t
m,a,l,e,_,d,i,s,g,u,s,t
f,e,m,a,l,e,_,d,i,s,g,u,s,t
m,a,l,e,_,d,i,s,g,u,s,t
f,e,m,a,l,e,_,d,i,s,g,u,s,t
m,a,l,e,_,d,i,s,g,u,s,t
f,e,m,a,l,e,_,d,i,s,g,u,s,t
m,a,l,e,_,d,i,s,g,u,s,t
f,e,m,a,l,e,_,d,i,s,g,u,s,t
m,a,l,e,_,d,i,s,g,u,s,t
f,e,m,a,l,e,_,d,i,s,g,u,s,t
m,a,l,e,_,d,i,s,g,u,s,t
f,e,m,a,l,e,_,d,i,s,g,u,s,t
m,a,l,e,_,d,i,s,g,u,s,t
f,e,m,a,l,e,_,d,i,s,g,u,s,t
m,a,l,e,_,d,i,s,g,u,s,t
f,e,m,a,l,e,_,d,i,s,g,u,s,t
m,a,l,e,_,d,i,s,g,u,s,t
f,e,m,a,l,e,_,d,i,s,g,u,s,t
m,a,l,e,_,d,i,s,g,u,s,t
f,e,m,a,l,e,_,d,i,s,g,u,s,t
m,a,l,e,_,d,i,s,g,u,s,t
f,e,m,a,l,e,_,d,i,s,g,u,s,t
m,a,l,e,_,d,i,s,g,u,s,t
f,e,m,a,l,e,_,d,i,s,g,u,s,t
m,a,l,e,_,d,i,s,g,u,s,t
f,e,m,a,l,e,_,d,i,s,g,u,s,t
m,a,l,e,_,d,i,s,g,u,s,t
f,e,m,a,l,e,_,d,i,s,g,u,s,t
m,a,l,e,_,d,i,s,g,u,s,t
f,e,m,a,l,e,_,d,i,s,g,u,s,t
m,a,l,e,_,d,i,s,g,u,s,t
f,e,m,a,l,e,_,d,i,s,g,u,s,t
m,a,l,e,_,d,i,s,g,u,s,t
f,e,m,a,l,e,_,d,i,s,g,u,s,t
m,a,l,e,_,d,i,s,g,u,s,t
f,e,m,a,l,e,_,d,i,s,g,u,s,t
m,a,l,e,_,d,i,s,g,u,s,t
f,e,m,a,l,e,_,d,i,s,g,u,s,t
m,a,l,e,_,d,i,s,g,u,s,t
f,e,m,a,l,e,_,d,i,s,g,u,s,t
m,a,l,e,_,d,i,s,g,u,s,t
f,e,m,a,l,e,_,d,i,s,g,u,s,t
m,a,l,e,_,d,i,s,g,u,s,t
f,e,m,a,l,e,_,d,i,s,g,u,s,t
m,a,l,e,_,d,i,s,g,u,s,t
f,e,m,a,l,e,_,d,i,s,g,u,s,t
m,a,l,e,_,d,i,s,g,u,s,t
f,e,m,a,l,e,_,d,i,s,g,u,s,t
m,a,l,e,_,d,i,s,g,u,s,t
f,e,m,a,l,e,_,d,i,s,g,u,s,t
m,a,l,e,_,d,i,s,g,u,s,t
f,e,m,a,l,e,_,d,i,s,g,u,s,t
m,a,l,e,_,d,i,s,g,u,s,t
f,e,m,a,l,e,_,d,i,s,g,u,s,t
m,a,l,e,_,d,i,s,g,u,s,t
f,e,m,a,l,e,_,d,i,s,g,u,s,t
m,a,l,e,_,d,i,s,g,u,s,t
f,e,m,a,l,e,_,d,i,s,g,u,s,t
m,a,l,e,_,d,i,s,g,u,s,t
f,e,m,a,l,e,_,d,i,s,g,u,s,t
m,a,l,e,_,d,i,s,g,u,s,t
f,e,m,a,l,e,_,d,i,s,g,u,s,t
m,a,l,e,_,d,i,s,g,u,s,t
f,e,m,a,l,e,_,d,i,s,g,u,s,t
m,a,l,e,_,d,i,s,g,u,s,t
f,e,m,a,l,e,_,d,i,s,g,u,s,t
m,a,l,e,_,d,i,s,g,u,s,t
f,e,m,a,l,e,_,d,i,s,g,u,s,t
m,a,l,e,_,d,i,s,g,u,s,t
f,e,m,a,l,e,_,d,i,s,g,u,s,t
m,a,l,e,_,d,i,s,g,u,s,t
f,e,m,a,l,e,_,d,i,s,g,u,s,t
m,a,l,e,_,d,i,s,g,u,s,t
f,e,m,a,l,e,_,d,i,s,g,u,s,t
m,a,l,e,_,d,i,s,g,u,s,t
f,e,m,a,l,e,_,d,i,s,g,u,s,t
m,a,l,e,_,d,i,s,g,u,s,t
f,e,m,a,l,e,_,d,i,s,g,u,s,t
m,a,l,e,_,d,i,s,g,u,s,t
f,e,m,a,l,e,_,d,i,s,g,u,s,t
m,a,l,e,_,d,i,s,g,u,s,t
f,e,m,a,l,e,_,d,i,s,g,u,s,t
m,a,l,e,_,d,i,s,g,u,s,t
f,e,m,a,l,e,_,d,i,s,g,u,s,t
m,a,l,e,_,d,i,s,g,u,s,t
f,e,m,a,l,e,_,d,i,s,g,u,s,t
m,a,l,e,_,d,i,s,g,u,s,t
f,e,m,a,l,e,_,d,i,s,g,u,s,t
m,a,l,e,_,d,i,s,g,u,s,t
f,e,m,a,l,e,_,d,i,s,g,u,s,t
m,a,l,e,_,d,i,s,g,u,s,t
f,e,m,a,l,e,_,d,i,s,g,u,s,t
m,a,l,e,_,d,i,s,g,u,s,t
f,e,m,a,l,e,_,d,i,s,g,u,s,t
m,a,l,e,_,d,i,s,g,u,s,t
f,e,m,a,l,e,_,d,i,s,g,u,s,t
m,a,l,e,_,d,i,s,g,u,s,t
f,e,m,a,l,e,_,d,i,s,g,u,s,t
m,a,l,e,_,d,i,s,g,u,s,t
f,e,m,a,l,e,_,d,i,s,g,u,s,t
m,a,l,e,_,d,i,s,g,u,s,t
f,e,m,a,l,e,_,d,i,s,g,u,s,t
m,a,l,e,_,d,i,s,g,u,s,t
f,e,m,a,l,e,_,d,i,s,g,u,s,t
m,a,l,e,_,d,i,s,g,u,s,t
f,e,m,a,l,e,_,d,i,s,g,u,s,t
m,a,l,e,_,d,i,s,g,u,s,t
f,e,m,a,l,e,_,d,i,s,g,u,s,t
m,a,l,e,_,d,i,s,g,u,s,t
f,e,m,a,l,e,_,d,i,s,g,u,s,t
m,a,l,e,_,d,i,s,g,u,s,t
f,e,m,a,l,e,_,d,i,s,g,u,s,t
m,a,l,e,_,d,i,s,g,u,s,t
f,e,m,a,l,e,_,d,i,s,g,u,s,t
m,a,l,e,_,d,i,s,g,u,s,t
f,e,m,a,l,e,_,d,i,s,g,u,s,t
m,a,l,e,_,d,i,s,g,u,s,t
f,e,m,a,l,e,_,d,i,s,g,u,s,t
m,a,l,e,_,d,i,s,g,u,s,t
f,e,m,a,l,e,_,d,i,s,g,u,s,t
m,a,l,e,_,d,i,s,g,u,s,t
f,e,m,a,l,e,_,d,i,s,g,u,s,t
m,a,l,e,_,d,i,s,g,u,s,t
f,e,m,a,l,e,_,d,i,s,g,u,s,t
m,a,l,e,_,d,i,s,g,u,s,t
f,e,m,a,l,e,_,d,i,s,g,u,s,t
m,a,l,e,_,d,i,s,g,u,s,t
f,e,m,a,l,e,_,d,i,s,g,u,s,t
m,a,l,e,_,d,i,s,g,u,s,t
f,e,m,a,l,e,_,d,i,s,g,u,s,t
m,a,l,e,_,d,i,s,g,u,s,t
f,e,m,a,l,e,_,d,i,s,g,u,s,t
m,a,l,e,_,d,i,s,g,u,s,t
f,e,m,a,l,e,_,d,i,s,g,u,s,t
m,a,l,e,_,d,i,s,g,u,s,t
f,e,m,a,l,e,_,d,i,s,g,u,s,t
m,a,l,e,_,d,i,s,g,u,s,t
f,e,m,a,l,e,_,d,i,s,g,u,s,t
m,a,l,e,_,d,i,s,g,u,s,t
f,e,m,a,l,e,_,d,i,s,g,u,s,t
m,a,l,e,_,d,i,s,g,u,s,t
f,e,m,a,l,e,_,d,i,s,g,u,s,t
m,a,l,e,_,d,i,s,g,u,s,t
f,e,m,a,l,e,_,d,i,s,g,u,s,t
m,a,l,e,_,d,i,s,g,u,s,t
f,e,m,a,l,e,_,d,i,s,g,u,s,t
m,a,l,e,_,d,i,s,g,u,s,t
f,e,m,a,l,e,_,d,i,s,g,u,s,t
m,a,l,e,_,s,u,r,p,r,i,s,e,d
f,e,m,a,l,e,_,s,u,r,p,r,i,s,e,d
m,a,l,e,_,s,u,r,p,r,i,s,e,d
f,e,m,a,l,e,_,s,u,r,p,r,i,s,e,d
m,a,l,e,_,s,u,r,p,r,i,s,e,d
f,e,m,a,l,e,_,s,u,r,p,r,i,s,e,d
m,a,l,e,_,s,u,r,p,r,i,s,e,d
f,e,m,a,l,e,_,s,u,r,p,r,i,s,e,d
m,a,l,e,_,s,u,r,p,r,i,s,e,d
f,e,m,a,l,e,_,s,u,r,p,r,i,s,e,d
m,a,l,e,_,s,u,r,p,r,i,s,e,d
f,e,m,a,l,e,_,s,u,r,p,r,i,s,e,d
m,a,l,e,_,s,u,r,p,r,i,s,e,d
f,e,m,a,l,e,_,s,u,r,p,r,i,s,e,d
m,a,l,e,_,s,u,r,p,r,i,s,e,d
f,e,m,a,l,e,_,s,u,r,p,r,i,s,e,d
m,a,l,e,_,s,u,r,p,r,i,s,e,d
f,e,m,a,l,e,_,s,u,r,p,r,i,s,e,d
m,a,l,e,_,s,u,r,p,r,i,s,e,d
f,e,m,a,l,e,_,s,u,r,p,r,i,s,e,d
m,a,l,e,_,s,u,r,p,r,i,s,e,d
f,e,m,a,l,e,_,s,u,r,p,r,i,s,e,d
m,a,l,e,_,s,u,r,p,r,i,s,e,d
f,e,m,a,l,e,_,s,u,r,p,r,i,s,e,d
m,a,l,e,_,s,u,r,p,r,i,s,e,d
f,e,m,a,l,e,_,s,u,r,p,r,i,s,e,d
m,a,l,e,_,s,u,r,p,r,i,s,e,d
f,e,m,a,l,e,_,s,u,r,p,r,i,s,e,d
m,a,l,e,_,s,u,r,p,r,i,s,e,d
f,e,m,a,l,e,_,s,u,r,p,r,i,s,e,d
m,a,l,e,_,s,u,r,p,r,i,s,e,d
f,e,m,a,l,e,_,s,u,r,p,r,i,s,e,d
m,a,l,e,_,s,u,r,p,r,i,s,e,d
f,e,m,a,l,e,_,s,u,r,p,r,i,s,e,d
m,a,l,e,_,s,u,r,p,r,i,s,e,d
f,e,m,a,l,e,_,s,u,r,p,r,i,s,e,d
m,a,l,e,_,s,u,r,p,r,i,s,e,d
f,e,m,a,l,e,_,s,u,r,p,r,i,s,e,d
m,a,l,e,_,s,u,r,p,r,i,s,e,d
f,e,m,a,l,e,_,s,u,r,p,r,i,s,e,d
m,a,l,e,_,s,u,r,p,r,i,s,e,d
f,e,m,a,l,e,_,s,u,r,p,r,i,s,e,d
m,a,l,e,_,s,u,r,p,r,i,s,e,d
f,e,m,a,l,e,_,s,u,r,p,r,i,s,e,d
m,a,l,e,_,s,u,r,p,r,i,s,e,d
f,e,m,a,l,e,_,s,u,r,p,r,i,s,e,d
m,a,l,e,_,s,u,r,p,r,i,s,e,d
f,e,m,a,l,e,_,s,u,r,p,r,i,s,e,d
m,a,l,e,_,s,u,r,p,r,i,s,e,d
f,e,m,a,l,e,_,s,u,r,p,r,i,s,e,d
m,a,l,e,_,s,u,r,p,r,i,s,e,d
f,e,m,a,l,e,_,s,u,r,p,r,i,s,e,d
m,a,l,e,_,s,u,r,p,r,i,s,e,d
f,e,m,a,l,e,_,s,u,r,p,r,i,s,e,d
m,a,l,e,_,s,u,r,p,r,i,s,e,d
f,e,m,a,l,e,_,s,u,r,p,r,i,s,e,d
m,a,l,e,_,s,u,r,p,r,i,s,e,d
f,e,m,a,l,e,_,s,u,r,p,r,i,s,e,d
m,a,l,e,_,s,u,r,p,r,i,s,e,d
f,e,m,a,l,e,_,s,u,r,p,r,i,s,e,d
m,a,l,e,_,s,u,r,p,r,i,s,e,d
f,e,m,a,l,e,_,s,u,r,p,r,i,s,e,d
m,a,l,e,_,s,u,r,p,r,i,s,e,d
f,e,m,a,l,e,_,s,u,r,p,r,i,s,e,d
m,a,l,e,_,s,u,r,p,r,i,s,e,d
f,e,m,a,l,e,_,s,u,r,p,r,i,s,e,d
m,a,l,e,_,s,u,r,p,r,i,s,e,d
f,e,m,a,l,e,_,s,u,r,p,r,i,s,e,d
m,a,l,e,_,s,u,r,p,r,i,s,e,d
f,e,m,a,l,e,_,s,u,r,p,r,i,s,e,d
m,a,l,e,_,s,u,r,p,r,i,s,e,d
f,e,m,a,l,e,_,s,u,r,p,r,i,s,e,d
m,a,l,e,_,s,u,r,p,r,i,s,e,d
f,e,m,a,l,e,_,s,u,r,p,r,i,s,e,d
m,a,l,e,_,s,u,r,p,r,i,s,e,d
f,e,m,a,l,e,_,s,u,r,p,r,i,s,e,d
m,a,l,e,_,s,u,r,p,r,i,s,e,d
f,e,m,a,l,e,_,s,u,r,p,r,i,s,e,d
m,a,l,e,_,s,u,r,p,r,i,s,e,d
f,e,m,a,l,e,_,s,u,r,p,r,i,s,e,d
m,a,l,e,_,s,u,r,p,r,i,s,e,d
f,e,m,a,l,e,_,s,u,r,p,r,i,s,e,d
m,a,l,e,_,s,u,r,p,r,i,s,e,d
f,e,m,a,l,e,_,s,u,r,p,r,i,s,e,d
m,a,l,e,_,s,u,r,p,r,i,s,e,d
f,e,m,a,l,e,_,s,u,r,p,r,i,s,e,d
m,a,l,e,_,s,u,r,p,r,i,s,e,d
f,e,m,a,l,e,_,s,u,r,p,r,i,s,e,d
m,a,l,e,_,s,u,r,p,r,i,s,e,d
f,e,m,a,l,e,_,s,u,r,p,r,i,s,e,d
m,a,l,e,_,s,u,r,p,r,i,s,e,d
f,e,m,a,l,e,_,s,u,r,p,r,i,s,e,d
m,a,l,e,_,s,u,r,p,r,i,s,e,d
f,e,m,a,l,e,_,s,u,r,p,r,i,s,e,d
m,a,l,e,_,s,u,r,p,r,i,s,e,d
f,e,m,a,l,e,_,s,u,r,p,r,i,s,e,d
m,a,l,e,_,s,u,r,p,r,i,s,e,d
f,e,m,a,l,e,_,s,u,r,p,r,i,s,e,d
m,a,l,e,_,s,u,r,p,r,i,s,e,d
f,e,m,a,l,e,_,s,u,r,p,r,i,s,e,d
m,a,l,e,_,s,u,r,p,r,i,s,e,d
f,e,m,a,l,e,_,s,u,r,p,r,i,s,e,d
m,a,l,e,_,s,u,r,p,r,i,s,e,d
f,e,m,a,l,e,_,s,u,r,p,r,i,s,e,d
m,a,l,e,_,s,u,r,p,r,i,s,e,d
f,e,m,a,l,e,_,s,u,r,p,r,i,s,e,d
m,a,l,e,_,s,u,r,p,r,i,s,e,d
f,e,m,a,l,e,_,s,u,r,p,r,i,s,e,d
m,a,l,e,_,s,u,r,p,r,i,s,e,d
f,e,m,a,l,e,_,s,u,r,p,r,i,s,e,d
m,a,l,e,_,s,u,r,p,r,i,s,e,d
f,e,m,a,l,e,_,s,u,r,p,r,i,s,e,d
m,a,l,e,_,s,u,r,p,r,i,s,e,d
f,e,m,a,l,e,_,s,u,r,p,r,i,s,e,d
m,a,l,e,_,s,u,r,p,r,i,s,e,d
f,e,m,a,l,e,_,s,u,r,p,r,i,s,e,d
m,a,l,e,_,s,u,r,p,r,i,s,e,d
f,e,m,a,l,e,_,s,u,r,p,r,i,s,e,d
m,a,l,e,_,s,u,r,p,r,i,s,e,d
f,e,m,a,l,e,_,s,u,r,p,r,i,s,e,d
m,a,l,e,_,s,u,r,p,r,i,s,e,d
f,e,m,a,l,e,_,s,u,r,p,r,i,s,e,d
m,a,l,e,_,s,u,r,p,r,i,s,e,d
f,e,m,a,l,e,_,s,u,r,p,r,i,s,e,d
m,a,l,e,_,s,u,r,p,r,i,s,e,d
f,e,m,a,l,e,_,s,u,r,p,r,i,s,e,d
m,a,l,e,_,s,u,r,p,r,i,s,e,d
f,e,m,a,l,e,_,s,u,r,p,r,i,s,e,d
m,a,l,e,_,s,u,r,p,r,i,s,e,d
f,e,m,a,l,e,_,s,u,r,p,r,i,s,e,d
m,a,l,e,_,s,u,r,p,r,i,s,e,d
f,e,m,a,l,e,_,s,u,r,p,r,i,s,e,d
m,a,l,e,_,s,u,r,p,r,i,s,e,d
f,e,m,a,l,e,_,s,u,r,p,r,i,s,e,d
m,a,l,e,_,s,u,r,p,r,i,s,e,d
f,e,m,a,l,e,_,s,u,r,p,r,i,s,e,d
m,a,l,e,_,s,u,r,p,r,i,s,e,d
f,e,m,a,l,e,_,s,u,r,p,r,i,s,e,d
m,a,l,e,_,s,u,r,p,r,i,s,e,d
f,e,m,a,l,e,_,s,u,r,p,r,i,s,e,d
m,a,l,e,_,s,u,r,p,r,i,s,e,d
f,e,m,a,l,e,_,s,u,r,p,r,i,s,e,d
m,a,l,e,_,s,u,r,p,r,i,s,e,d
f,e,m,a,l,e,_,s,u,r,p,r,i,s,e,d
m,a,l,e,_,s,u,r,p,r,i,s,e,d
f,e,m,a,l,e,_,s,u,r,p,r,i,s,e,d
m,a,l,e,_,s,u,r,p,r,i,s,e,d
f,e,m,a,l,e,_,s,u,r,p,r,i,s,e,d
m,a,l,e,_,s,u,r,p,r,i,s,e,d
f,e,m,a,l,e,_,s,u,r,p,r,i,s,e,d
m,a,l,e,_,s,u,r,p,r,i,s,e,d
f,e,m,a,l,e,_,s,u,r,p,r,i,s,e,d
m,a,l,e,_,s,u,r,p,r,i,s,e,d
f,e,m,a,l,e,_,s,u,r,p,r,i,s,e,d
m,a,l,e,_,s,u,r,p,r,i,s,e,d
f,e,m,a,l,e,_,s,u,r,p,r,i,s,e,d
m,a,l,e,_,s,u,r,p,r,i,s,e,d
f,e,m,a,l,e,_,s,u,r,p,r,i,s,e,d
m,a,l,e,_,s,u,r,p,r,i,s,e,d
f,e,m,a,l,e,_,s,u,r,p,r,i,s,e,d
m,a,l,e,_,s,u,r,p,r,i,s,e,d
f,e,m,a,l,e,_,s,u,r,p,r,i,s,e,d
m,a,l,e,_,s,u,r,p,r,i,s,e,d
f,e,m,a,l,e,_,s,u,r,p,r,i,s,e,d
m,a,l,e,_,s,u,r,p,r,i,s,e,d
f,e,m,a,l,e,_,s,u,r,p,r,i,s,e,d
m,a,l,e,_,s,u,r,p,r,i,s,e,d
f,e,m,a,l,e,_,s,u,r,p,r,i,s,e,d
m,a,l,e,_,s,u,r,p,r,i,s,e,d
f,e,m,a,l,e,_,s,u,r,p,r,i,s,e,d
m,a,l,e,_,s,u,r,p,r,i,s,e,d
f,e,m,a,l,e,_,s,u,r,p,r,i,s,e,d
m,a,l,e,_,s,u,r,p,r,i,s,e,d
f,e,m,a,l,e,_,s,u,r,p,r,i,s,e,d
m,a,l,e,_,s,u,r,p,r,i,s,e,d
f,e,m,a,l,e,_,s,u,r,p,r,i,s,e,d
m,a,l,e,_,s,u,r,p,r,i,s,e,d
f,e,m,a,l,e,_,s,u,r,p,r,i,s,e,d
m,a,l,e,_,s,u,r,p,r,i,s,e,d
f,e,m,a,l,e,_,s,u,r,p,r,i,s,e,d
m,a,l,e,_,s,u,r,p,r,i,s,e,d
f,e,m,a,l,e,_,s,u,r,p,r,i,s,e,d
m,a,l,e,_,s,u,r,p,r,i,s,e,d
f,e,m,a,l,e,_,s,u,r,p,r,i,s,e,d
m,a,l,e,_,s,u,r,p,r,i,s,e,d
f,e,m,a,l,e,_,s,u,r,p,r,i,s,e,d
m,a,l,e,_,s,u,r,p,r,i,s,e,d
f,e,m,a,l,e,_,s,u,r,p,r,i,s,e,d
m,a,l,e,_,s,u,r,p,r,i,s,e,d
f,e,m,a,l,e,_,s,u,r,p,r,i,s,e,d
m,a,l,e,_,s,u,r,p,r,i,s,e,d
f,e,m,a,l,e,_,s,u,r,p,r,i,s,e,d
m,a,l,e,_,n,e,u,t,r,a,l
f,e,m,a,l,e,_,n,e,u,t,r,a,l
m,a,l,e,_,n,e,u,t,r,a,l
f,e,m,a,l,e,_,n,e,u,t,r,a,l
m,a,l,e,_,n,e,u,t,r,a,l
f,e,m,a,l,e,_,n,e,u,t,r,a,l
m,a,l,e,_,n,e,u,t,r,a,l
f,e,m,a,l,e,_,n,e,u,t,r,a,l
m,a,l,e,_,n,e,u,t,r,a,l
f,e,m,a,l,e,_,n,e,u,t,r,a,l
m,a,l,e,_,n,e,u,t,r,a,l
f,e,m,a,l,e,_,n,e,u,t,r,a,l
m,a,l,e,_,n,e,u,t,r,a,l
f,e,m,a,l,e,_,n,e,u,t,r,a,l
m,a,l,e,_,n,e,u,t,r,a,l
f,e,m,a,l,e,_,n,e,u,t,r,a,l
m,a,l,e,_,n,e,u,t,r,a,l
m,a,l,e,_,n,e,u,t,r,a,l
f,e,m,a,l,e,_,n,e,u,t,r,a,l
m,a,l,e,_,n,e,u,t,r,a,l
f,e,m,a,l,e,_,n,e,u,t,r,a,l
m,a,l,e,_,n,e,u,t,r,a,l
f,e,m,a,l,e,_,n,e,u,t,r,a,l
m,a,l,e,_,n,e,u,t,r,a,l
f,e,m,a,l,e,_,n,e,u,t,r,a,l
m,a,l,e,_,n,e,u,t,r,a,l
f,e,m,a,l,e,_,n,e,u,t,r,a,l
m,a,l,e,_,n,e,u,t,r,a,l
f,e,m,a,l,e,_,n,e,u,t,r,a,l
m,a,l,e,_,n,e,u,t,r,a,l
f,e,m,a,l,e,_,n,e,u,t,r,a,l
m,a,l,e,_,n,e,u,t,r,a,l
f,e,m,a,l,e,_,n,e,u,t,r,a,l
m,a,l,e,_,n,e,u,t,r,a,l
f,e,m,a,l,e,_,n,e,u,t,r,a,l
m,a,l,e,_,n,e,u,t,r,a,l
f,e,m,a,l,e,_,n,e,u,t,r,a,l
m,a,l,e,_,n,e,u,t,r,a,l
f,e,m,a,l,e,_,n,e,u,t,r,a,l
m,a,l,e,_,n,e,u,t,r,a,l
m,a,l,e,_,n,e,u,t,r,a,l
f,e,m,a,l,e,_,n,e,u,t,r,a,l
m,a,l,e,_,n,e,u,t,r,a,l
f,e,m,a,l,e,_,n,e,u,t,r,a,l
m,a,l,e,_,n,e,u,t,r,a,l
f,e,m,a,l,e,_,n,e,u,t,r,a,l
m,a,l,e,_,n,e,u,t,r,a,l
f,e,m,a,l,e,_,n,e,u,t,r,a,l
m,a,l,e,_,n,e,u,t,r,a,l
f,e,m,a,l,e,_,n,e,u,t,r,a,l
m,a,l,e,_,n,e,u,t,r,a,l
f,e,m,a,l,e,_,n,e,u,t,r,a,l
m,a,l,e,_,n,e,u,t,r,a,l
f,e,m,a,l,e,_,n,e,u,t,r,a,l
m,a,l,e,_,n,e,u,t,r,a,l
f,e,m,a,l,e,_,n,e,u,t,r,a,l
m,a,l,e,_,n,e,u,t,r,a,l
f,e,m,a,l,e,_,n,e,u,t,r,a,l
m,a,l,e,_,n,e,u,t,r,a,l
f,e,m,a,l,e,_,n,e,u,t,r,a,l
m,a,l,e,_,n,e,u,t,r,a,l
f,e,m,a,l,e,_,n,e,u,t,r,a,l
m,a,l,e,_,n,e,u,t,r,a,l
m,a,l,e,_,n,e,u,t,r,a,l
f,e,m,a,l,e,_,n,e,u,t,r,a,l
m,a,l,e,_,n,e,u,t,r,a,l
f,e,m,a,l,e,_,n,e,u,t,r,a,l
m,a,l,e,_,n,e,u,t,r,a,l
f,e,m,a,l,e,_,n,e,u,t,r,a,l
m,a,l,e,_,n,e,u,t,r,a,l
f,e,m,a,l,e,_,n,e,u,t,r,a,l
m,a,l,e,_,n,e,u,t,r,a,l
f,e,m,a,l,e,_,n,e,u,t,r,a,l
m,a,l,e,_,n,e,u,t,r,a,l
f,e,m,a,l,e,_,n,e,u,t,r,a,l
m,a,l,e,_,n,e,u,t,r,a,l
f,e,m,a,l,e,_,n,e,u,t,r,a,l
m,a,l,e,_,n,e,u,t,r,a,l
f,e,m,a,l,e,_,n,e,u,t,r,a,l
m,a,l,e,_,n,e,u,t,r,a,l
f,e,m,a,l,e,_,n,e,u,t,r,a,l
m,a,l,e,_,n,e,u,t,r,a,l
f,e,m,a,l,e,_,n,e,u,t,r,a,l
m,a,l,e,_,n,e,u,t,r,a,l
f,e,m,a,l,e,_,n,e,u,t,r,a,l
m,a,l,e,_,n,e,u,t,r,a,l
m,a,l,e,_,n,e,u,t,r,a,l
f,e,m,a,l,e,_,n,e,u,t,r,a,l
m,a,l,e,_,n,e,u,t,r,a,l
f,e,m,a,l,e,_,n,e,u,t,r,a,l
m,a,l,e,_,n,e,u,t,r,a,l
f,e,m,a,l,e,_,n,e,u,t,r,a,l
m,a,l,e,_,c,a,l,m
f,e,m,a,l,e,_,c,a,l,m
m,a,l,e,_,c,a,l,m
f,e,m,a,l,e,_,c,a,l,m
m,a,l,e,_,c,a,l,m
f,e,m,a,l,e,_,c,a,l,m
m,a,l,e,_,c,a,l,m
f,e,m,a,l,e,_,c,a,l,m
m,a,l,e,_,c,a,l,m
f,e,m,a,l,e,_,c,a,l,m
m,a,l,e,_,c,a,l,m
f,e,m,a,l,e,_,c,a,l,m
m,a,l,e,_,c,a,l,m
f,e,m,a,l,e,_,c,a,l,m
m,a,l,e,_,c,a,l,m
f,e,m,a,l,e,_,c,a,l,m
m,a,l,e,_,c,a,l,m
m,a,l,e,_,c,a,l,m
f,e,m,a,l,e,_,c,a,l,m
m,a,l,e,_,c,a,l,m
f,e,m,a,l,e,_,c,a,l,m
m,a,l,e,_,c,a,l,m
f,e,m,a,l,e,_,c,a,l,m
m,a,l,e,_,c,a,l,m
f,e,m,a,l,e,_,c,a,l,m
m,a,l,e,_,c,a,l,m
f,e,m,a,l,e,_,c,a,l,m
m,a,l,e,_,c,a,l,m
f,e,m,a,l,e,_,c,a,l,m
m,a,l,e,_,c,a,l,m
f,e,m,a,l,e,_,c,a,l,m
m,a,l,e,_,c,a,l,m
f,e,m,a,l,e,_,c,a,l,m
m,a,l,e,_,c,a,l,m
f,e,m,a,l,e,_,c,a,l,m
m,a,l,e,_,c,a,l,m
f,e,m,a,l,e,_,c,a,l,m
m,a,l,e,_,c,a,l,m
f,e,m,a,l,e,_,c,a,l,m
m,a,l,e,_,c,a,l,m
m,a,l,e,_,c,a,l,m
f,e,m,a,l,e,_,c,a,l,m
m,a,l,e,_,c,a,l,m
f,e,m,a,l,e,_,c,a,l,m
m,a,l,e,_,c,a,l,m
f,e,m,a,l,e,_,c,a,l,m
m,a,l,e,_,c,a,l,m
f,e,m,a,l,e,_,c,a,l,m
m,a,l,e,_,c,a,l,m
f,e,m,a,l,e,_,c,a,l,m
m,a,l,e,_,c,a,l,m
f,e,m,a,l,e,_,c,a,l,m
m,a,l,e,_,c,a,l,m
f,e,m,a,l,e,_,c,a,l,m
m,a,l,e,_,c,a,l,m
f,e,m,a,l,e,_,c,a,l,m
m,a,l,e,_,c,a,l,m
f,e,m,a,l,e,_,c,a,l,m
m,a,l,e,_,c,a,l,m
f,e,m,a,l,e,_,c,a,l,m
m,a,l,e,_,c,a,l,m
f,e,m,a,l,e,_,c,a,l,m
m,a,l,e,_,c,a,l,m
m,a,l,e,_,c,a,l,m
f,e,m,a,l,e,_,c,a,l,m
m,a,l,e,_,c,a,l,m
f,e,m,a,l,e,_,c,a,l,m
m,a,l,e,_,c,a,l,m
f,e,m,a,l,e,_,c,a,l,m
m,a,l,e,_,c,a,l,m
f,e,m,a,l,e,_,c,a,l,m
m,a,l,e,_,c,a,l,m
f,e,m,a,l,e,_,c,a,l,m
m,a,l,e,_,c,a,l,m
f,e,m,a,l,e,_,c,a,l,m
m,a,l,e,_,c,a,l,m
f,e,m,a,l,e,_,c,a,l,m
m,a,l,e,_,c,a,l,m
f,e,m,a,l,e,_,c,a,l,m
m,a,l,e,_,c,a,l,m
f,e,m,a,l,e,_,c,a,l,m
m,a,l,e,_,c,a,l,m
f,e,m,a,l,e,_,c,a,l,m
m,a,l,e,_,c,a,l,m
f,e,m,a,l,e,_,c,a,l,m
m,a,l,e,_,c,a,l,m
m,a,l,e,_,c,a,l,m
f,e,m,a,l,e,_,c,a,l,m
m,a,l,e,_,c,a,l,m
f,e,m,a,l,e,_,c,a,l,m
m,a,l,e,_,c,a,l,m
f,e,m,a,l,e,_,c,a,l,m
m,a,l,e,_,c,a,l,m
f,e,m,a,l,e,_,c,a,l,m
m,a,l,e,_,c,a,l,m
f,e,m,a,l,e,_,c,a,l,m
m,a,l,e,_,c,a,l,m
f,e,m,a,l,e,_,c,a,l,m
m,a,l,e,_,c,a,l,m
f,e,m,a,l,e,_,c,a,l,m
m,a,l,e,_,c,a,l,m
f,e,m,a,l,e,_,c,a,l,m
m,a,l,e,_,c,a,l,m
f,e,m,a,l,e,_,c,a,l,m
m,a,l,e,_,c,a,l,m
f,e,m,a,l,e,_,c,a,l,m
m,a,l,e,_,c,a,l,m
f,e,m,a,l,e,_,c,a,l,m
m,a,l,e,_,c,a,l,m
m,a,l,e,_,c,a,l,m
f,e,m,a,l,e,_,c,a,l,m
m,a,l,e,_,c,a,l,m
f,e,m,a,l,e,_,c,a,l,m
m,a,l,e,_,c,a,l,m
f,e,m,a,l,e,_,c,a,l,m
m,a,l,e,_,c,a,l,m
f,e,m,a,l,e,_,c,a,l,m
m,a,l,e,_,c,a,l,m
f,e,m,a,l,e,_,c,a,l,m
m,a,l,e,_,c,a,l,m
f,e,m,a,l,e,_,c,a,l,m
m,a,l,e,_,c,a,l,m
f,e,m,a,l,e,_,c,a,l,m
m,a,l,e,_,c,a,l,m
f,e,m,a,l,e,_,c,a,l,m
m,a,l,e,_,c,a,l,m
f,e,m,a,l,e,_,c,a,l,m
m,a,l,e,_,c,a,l,m
f,e,m,a,l,e,_,c,a,l,m
m,a,l,e,_,c,a,l,m
f,e,m,a,l,e,_,c,a,l,m
m,a,l,e,_,c,a,l,m
m,a,l,e,_,c,a,l,m
f,e,m,a,l,e,_,c,a,l,m
m,a,l,e,_,c,a,l,m
f,e,m,a,l,e,_,c,a,l,m
m,a,l,e,_,c,a,l,m
f,e,m,a,l,e,_,c,a,l,m
m,a,l,e,_,c,a,l,m
f,e,m,a,l,e,_,c,a,l,m
m,a,l,e,_,c,a,l,m
f,e,m,a,l,e,_,c,a,l,m
m,a,l,e,_,c,a,l,m
f,e,m,a,l,e,_,c,a,l,m
m,a,l,e,_,c,a,l,m
f,e,m,a,l,e,_,c,a,l,m
m,a,l,e,_,c,a,l,m
f,e,m,a,l,e,_,c,a,l,m
m,a,l,e,_,c,a,l,m
f,e,m,a,l,e,_,c,a,l,m
m,a,l,e,_,c,a,l,m
f,e,m,a,l,e,_,c,a,l,m
m,a,l,e,_,c,a,l,m
f,e,m,a,l,e,_,c,a,l,m
m,a,l,e,_,c,a,l,m
m,a,l,e,_,c,a,l,m
f,e,m,a,l,e,_,c,a,l,m
m,a,l,e,_,c,a,l,m
f,e,m,a,l,e,_,c,a,l,m
m,a,l,e,_,c,a,l,m
f,e,m,a,l,e,_,c,a,l,m
m,a,l,e,_,c,a,l,m
f,e,m,a,l,e,_,c,a,l,m
m,a,l,e,_,c,a,l,m
f,e,m,a,l,e,_,c,a,l,m
m,a,l,e,_,c,a,l,m
f,e,m,a,l,e,_,c,a,l,m
m,a,l,e,_,c,a,l,m
f,e,m,a,l,e,_,c,a,l,m
m,a,l,e,_,c,a,l,m
f,e,m,a,l,e,_,c,a,l,m
m,a,l,e,_,c,a,l,m
f,e,m,a,l,e,_,c,a,l,m
m,a,l,e,_,c,a,l,m
f,e,m,a,l,e,_,c,a,l,m
m,a,l,e,_,c,a,l,m
f,e,m,a,l,e,_,c,a,l,m
m,a,l,e,_,c,a,l,m
m,a,l,e,_,c,a,l,m
f,e,m,a,l,e,_,c,a,l,m
m,a,l,e,_,c,a,l,m
f,e,m,a,l,e,_,c,a,l,m
m,a,l,e,_,c,a,l,m
f,e,m,a,l,e,_,c,a,l,m
m,a,l,e,_,h,a,p,p,y
f,e,m,a,l,e,_,h,a,p,p,y
m,a,l,e,_,h,a,p,p,y
f,e,m,a,l,e,_,h,a,p,p,y
m,a,l,e,_,h,a,p,p,y
f,e,m,a,l,e,_,h,a,p,p,y
m,a,l,e,_,h,a,p,p,y
f,e,m,a,l,e,_,h,a,p,p,y
m,a,l,e,_,h,a,p,p,y
f,e,m,a,l,e,_,h,a,p,p,y
m,a,l,e,_,h,a,p,p,y
f,e,m,a,l,e,_,h,a,p,p,y
m,a,l,e,_,h,a,p,p,y
f,e,m,a,l,e,_,h,a,p,p,y
m,a,l,e,_,h,a,p,p,y
f,e,m,a,l,e,_,h,a,p,p,y
m,a,l,e,_,h,a,p,p,y
m,a,l,e,_,h,a,p,p,y
f,e,m,a,l,e,_,h,a,p,p,y
m,a,l,e,_,h,a,p,p,y
f,e,m,a,l,e,_,h,a,p,p,y
m,a,l,e,_,h,a,p,p,y
f,e,m,a,l,e,_,h,a,p,p,y
m,a,l,e,_,h,a,p,p,y
f,e,m,a,l,e,_,h,a,p,p,y
m,a,l,e,_,h,a,p,p,y
f,e,m,a,l,e,_,h,a,p,p,y
m,a,l,e,_,h,a,p,p,y
f,e,m,a,l,e,_,h,a,p,p,y
m,a,l,e,_,h,a,p,p,y
f,e,m,a,l,e,_,h,a,p,p,y
m,a,l,e,_,h,a,p,p,y
f,e,m,a,l,e,_,h,a,p,p,y
m,a,l,e,_,h,a,p,p,y
f,e,m,a,l,e,_,h,a,p,p,y
m,a,l,e,_,h,a,p,p,y
f,e,m,a,l,e,_,h,a,p,p,y
m,a,l,e,_,h,a,p,p,y
f,e,m,a,l,e,_,h,a,p,p,y
m,a,l,e,_,h,a,p,p,y
m,a,l,e,_,h,a,p,p,y
f,e,m,a,l,e,_,h,a,p,p,y
m,a,l,e,_,h,a,p,p,y
f,e,m,a,l,e,_,h,a,p,p,y
m,a,l,e,_,h,a,p,p,y
f,e,m,a,l,e,_,h,a,p,p,y
m,a,l,e,_,h,a,p,p,y
f,e,m,a,l,e,_,h,a,p,p,y
m,a,l,e,_,h,a,p,p,y
f,e,m,a,l,e,_,h,a,p,p,y
m,a,l,e,_,h,a,p,p,y
f,e,m,a,l,e,_,h,a,p,p,y
m,a,l,e,_,h,a,p,p,y
f,e,m,a,l,e,_,h,a,p,p,y
m,a,l,e,_,h,a,p,p,y
f,e,m,a,l,e,_,h,a,p,p,y
m,a,l,e,_,h,a,p,p,y
f,e,m,a,l,e,_,h,a,p,p,y
m,a,l,e,_,h,a,p,p,y
f,e,m,a,l,e,_,h,a,p,p,y
m,a,l,e,_,h,a,p,p,y
f,e,m,a,l,e,_,h,a,p,p,y
m,a,l,e,_,h,a,p,p,y
m,a,l,e,_,h,a,p,p,y
f,e,m,a,l,e,_,h,a,p,p,y
m,a,l,e,_,h,a,p,p,y
f,e,m,a,l,e,_,h,a,p,p,y
m,a,l,e,_,h,a,p,p,y
f,e,m,a,l,e,_,h,a,p,p,y
m,a,l,e,_,h,a,p,p,y
f,e,m,a,l,e,_,h,a,p,p,y
m,a,l,e,_,h,a,p,p,y
f,e,m,a,l,e,_,h,a,p,p,y
m,a,l,e,_,h,a,p,p,y
f,e,m,a,l,e,_,h,a,p,p,y
m,a,l,e,_,h,a,p,p,y
f,e,m,a,l,e,_,h,a,p,p,y
m,a,l,e,_,h,a,p,p,y
f,e,m,a,l,e,_,h,a,p,p,y
m,a,l,e,_,h,a,p,p,y
f,e,m,a,l,e,_,h,a,p,p,y
m,a,l,e,_,h,a,p,p,y
f,e,m,a,l,e,_,h,a,p,p,y
m,a,l,e,_,h,a,p,p,y
f,e,m,a,l,e,_,h,a,p,p,y
m,a,l,e,_,h,a,p,p,y
m,a,l,e,_,h,a,p,p,y
f,e,m,a,l,e,_,h,a,p,p,y
m,a,l,e,_,h,a,p,p,y
f,e,m,a,l,e,_,h,a,p,p,y
m,a,l,e,_,h,a,p,p,y
f,e,m,a,l,e,_,h,a,p,p,y
m,a,l,e,_,h,a,p,p,y
f,e,m,a,l,e,_,h,a,p,p,y
m,a,l,e,_,h,a,p,p,y
f,e,m,a,l,e,_,h,a,p,p,y
m,a,l,e,_,h,a,p,p,y
f,e,m,a,l,e,_,h,a,p,p,y
m,a,l,e,_,h,a,p,p,y
f,e,m,a,l,e,_,h,a,p,p,y
m,a,l,e,_,h,a,p,p,y
f,e,m,a,l,e,_,h,a,p,p,y
m,a,l,e,_,h,a,p,p,y
f,e,m,a,l,e,_,h,a,p,p,y
m,a,l,e,_,h,a,p,p,y
f,e,m,a,l,e,_,h,a,p,p,y
m,a,l,e,_,h,a,p,p,y
f,e,m,a,l,e,_,h,a,p,p,y
m,a,l,e,_,h,a,p,p,y
m,a,l,e,_,h,a,p,p,y
f,e,m,a,l,e,_,h,a,p,p,y
m,a,l,e,_,h,a,p,p,y
f,e,m,a,l,e,_,h,a,p,p,y
m,a,l,e,_,h,a,p,p,y
f,e,m,a,l,e,_,h,a,p,p,y
m,a,l,e,_,h,a,p,p,y
f,e,m,a,l,e,_,h,a,p,p,y
m,a,l,e,_,h,a,p,p,y
f,e,m,a,l,e,_,h,a,p,p,y
m,a,l,e,_,h,a,p,p,y
f,e,m,a,l,e,_,h,a,p,p,y
m,a,l,e,_,h,a,p,p,y
f,e,m,a,l,e,_,h,a,p,p,y
m,a,l,e,_,h,a,p,p,y
f,e,m,a,l,e,_,h,a,p,p,y
m,a,l,e,_,h,a,p,p,y
f,e,m,a,l,e,_,h,a,p,p,y
m,a,l,e,_,h,a,p,p,y
f,e,m,a,l,e,_,h,a,p,p,y
m,a,l,e,_,h,a,p,p,y
f,e,m,a,l,e,_,h,a,p,p,y
m,a,l,e,_,h,a,p,p,y
m,a,l,e,_,h,a,p,p,y
f,e,m,a,l,e,_,h,a,p,p,y
m,a,l,e,_,h,a,p,p,y
f,e,m,a,l,e,_,h,a,p,p,y
m,a,l,e,_,h,a,p,p,y
f,e,m,a,l,e,_,h,a,p,p,y
m,a,l,e,_,h,a,p,p,y
f,e,m,a,l,e,_,h,a,p,p,y
m,a,l,e,_,h,a,p,p,y
f,e,m,a,l,e,_,h,a,p,p,y
m,a,l,e,_,h,a,p,p,y
f,e,m,a,l,e,_,h,a,p,p,y
m,a,l,e,_,h,a,p,p,y
f,e,m,a,l,e,_,h,a,p,p,y
m,a,l,e,_,h,a,p,p,y
f,e,m,a,l,e,_,h,a,p,p,y
m,a,l,e,_,h,a,p,p,y
f,e,m,a,l,e,_,h,a,p,p,y
m,a,l,e,_,h,a,p,p,y
f,e,m,a,l,e,_,h,a,p,p,y
m,a,l,e,_,h,a,p,p,y
f,e,m,a,l,e,_,h,a,p,p,y
m,a,l,e,_,h,a,p,p,y
m,a,l,e,_,h,a,p,p,y
f,e,m,a,l,e,_,h,a,p,p,y
m,a,l,e,_,h,a,p,p,y
f,e,m,a,l,e,_,h,a,p,p,y
m,a,l,e,_,h,a,p,p,y
f,e,m,a,l,e,_,h,a,p,p,y
m,a,l,e,_,h,a,p,p,y
f,e,m,a,l,e,_,h,a,p,p,y
m,a,l,e,_,h,a,p,p,y
f,e,m,a,l,e,_,h,a,p,p,y
m,a,l,e,_,h,a,p,p,y
f,e,m,a,l,e,_,h,a,p,p,y
m,a,l,e,_,h,a,p,p,y
f,e,m,a,l,e,_,h,a,p,p,y
m,a,l,e,_,h,a,p,p,y
f,e,m,a,l,e,_,h,a,p,p,y
m,a,l,e,_,h,a,p,p,y
f,e,m,a,l,e,_,h,a,p,p,y
m,a,l,e,_,h,a,p,p,y
f,e,m,a,l,e,_,h,a,p,p,y
m,a,l,e,_,h,a,p,p,y
f,e,m,a,l,e,_,h,a,p,p,y
m,a,l,e,_,h,a,p,p,y
m,a,l,e,_,h,a,p,p,y
f,e,m,a,l,e,_,h,a,p,p,y
m,a,l,e,_,h,a,p,p,y
f,e,m,a,l,e,_,h,a,p,p,y
m,a,l,e,_,h,a,p,p,y
f,e,m,a,l,e,_,h,a,p,p,y
m,a,l,e,_,s,a,d
f,e,m,a,l,e,_,s,a,d
m,a,l,e,_,s,a,d
f,e,m,a,l,e,_,s,a,d
m,a,l,e,_,s,a,d
f,e,m,a,l,e,_,s,a,d
m,a,l,e,_,s,a,d
f,e,m,a,l,e,_,s,a,d
m,a,l,e,_,s,a,d
f,e,m,a,l,e,_,s,a,d
m,a,l,e,_,s,a,d
f,e,m,a,l,e,_,s,a,d
m,a,l,e,_,s,a,d
f,e,m,a,l,e,_,s,a,d
m,a,l,e,_,s,a,d
f,e,m,a,l,e,_,s,a,d
m,a,l,e,_,s,a,d
m,a,l,e,_,s,a,d
f,e,m,a,l,e,_,s,a,d
m,a,l,e,_,s,a,d
f,e,m,a,l,e,_,s,a,d
m,a,l,e,_,s,a,d
f,e,m,a,l,e,_,s,a,d
m,a,l,e,_,s,a,d
f,e,m,a,l,e,_,s,a,d
m,a,l,e,_,s,a,d
f,e,m,a,l,e,_,s,a,d
m,a,l,e,_,s,a,d
f,e,m,a,l,e,_,s,a,d
m,a,l,e,_,s,a,d
f,e,m,a,l,e,_,s,a,d
m,a,l,e,_,s,a,d
f,e,m,a,l,e,_,s,a,d
m,a,l,e,_,s,a,d
f,e,m,a,l,e,_,s,a,d
m,a,l,e,_,s,a,d
f,e,m,a,l,e,_,s,a,d
m,a,l,e,_,s,a,d
f,e,m,a,l,e,_,s,a,d
m,a,l,e,_,s,a,d
m,a,l,e,_,s,a,d
f,e,m,a,l,e,_,s,a,d
m,a,l,e,_,s,a,d
f,e,m,a,l,e,_,s,a,d
m,a,l,e,_,s,a,d
f,e,m,a,l,e,_,s,a,d
m,a,l,e,_,s,a,d
f,e,m,a,l,e,_,s,a,d
m,a,l,e,_,s,a,d
f,e,m,a,l,e,_,s,a,d
m,a,l,e,_,s,a,d
f,e,m,a,l,e,_,s,a,d
m,a,l,e,_,s,a,d
f,e,m,a,l,e,_,s,a,d
m,a,l,e,_,s,a,d
f,e,m,a,l,e,_,s,a,d
m,a,l,e,_,s,a,d
f,e,m,a,l,e,_,s,a,d
m,a,l,e,_,s,a,d
f,e,m,a,l,e,_,s,a,d
m,a,l,e,_,s,a,d
f,e,m,a,l,e,_,s,a,d
m,a,l,e,_,s,a,d
m,a,l,e,_,s,a,d
f,e,m,a,l,e,_,s,a,d
m,a,l,e,_,s,a,d
f,e,m,a,l,e,_,s,a,d
m,a,l,e,_,s,a,d
f,e,m,a,l,e,_,s,a,d
m,a,l,e,_,s,a,d
f,e,m,a,l,e,_,s,a,d
m,a,l,e,_,s,a,d
f,e,m,a,l,e,_,s,a,d
m,a,l,e,_,s,a,d
f,e,m,a,l,e,_,s,a,d
m,a,l,e,_,s,a,d
f,e,m,a,l,e,_,s,a,d
m,a,l,e,_,s,a,d
f,e,m,a,l,e,_,s,a,d
m,a,l,e,_,s,a,d
f,e,m,a,l,e,_,s,a,d
m,a,l,e,_,s,a,d
f,e,m,a,l,e,_,s,a,d
m,a,l,e,_,s,a,d
f,e,m,a,l,e,_,s,a,d
m,a,l,e,_,s,a,d
m,a,l,e,_,s,a,d
f,e,m,a,l,e,_,s,a,d
m,a,l,e,_,s,a,d
f,e,m,a,l,e,_,s,a,d
m,a,l,e,_,s,a,d
f,e,m,a,l,e,_,s,a,d
m,a,l,e,_,s,a,d
f,e,m,a,l,e,_,s,a,d
m,a,l,e,_,s,a,d
f,e,m,a,l,e,_,s,a,d
m,a,l,e,_,s,a,d
f,e,m,a,l,e,_,s,a,d
m,a,l,e,_,s,a,d
f,e,m,a,l,e,_,s,a,d
m,a,l,e,_,s,a,d
f,e,m,a,l,e,_,s,a,d
m,a,l,e,_,s,a,d
f,e,m,a,l,e,_,s,a,d
m,a,l,e,_,s,a,d
f,e,m,a,l,e,_,s,a,d
m,a,l,e,_,s,a,d
f,e,m,a,l,e,_,s,a,d
m,a,l,e,_,s,a,d
m,a,l,e,_,s,a,d
f,e,m,a,l,e,_,s,a,d
m,a,l,e,_,s,a,d
f,e,m,a,l,e,_,s,a,d
m,a,l,e,_,s,a,d
f,e,m,a,l,e,_,s,a,d
m,a,l,e,_,s,a,d
f,e,m,a,l,e,_,s,a,d
m,a,l,e,_,s,a,d
f,e,m,a,l,e,_,s,a,d
m,a,l,e,_,s,a,d
f,e,m,a,l,e,_,s,a,d
m,a,l,e,_,s,a,d
f,e,m,a,l,e,_,s,a,d
m,a,l,e,_,s,a,d
f,e,m,a,l,e,_,s,a,d
m,a,l,e,_,s,a,d
f,e,m,a,l,e,_,s,a,d
m,a,l,e,_,s,a,d
f,e,m,a,l,e,_,s,a,d
m,a,l,e,_,s,a,d
f,e,m,a,l,e,_,s,a,d
m,a,l,e,_,s,a,d
m,a,l,e,_,s,a,d
f,e,m,a,l,e,_,s,a,d
m,a,l,e,_,s,a,d
f,e,m,a,l,e,_,s,a,d
m,a,l,e,_,s,a,d
f,e,m,a,l,e,_,s,a,d
m,a,l,e,_,s,a,d
f,e,m,a,l,e,_,s,a,d
m,a,l,e,_,s,a,d
f,e,m,a,l,e,_,s,a,d
m,a,l,e,_,s,a,d
f,e,m,a,l,e,_,s,a,d
m,a,l,e,_,s,a,d
f,e,m,a,l,e,_,s,a,d
m,a,l,e,_,s,a,d
f,e,m,a,l,e,_,s,a,d
m,a,l,e,_,s,a,d
f,e,m,a,l,e,_,s,a,d
m,a,l,e,_,s,a,d
f,e,m,a,l,e,_,s,a,d
m,a,l,e,_,s,a,d
f,e,m,a,l,e,_,s,a,d
m,a,l,e,_,s,a,d
m,a,l,e,_,s,a,d
f,e,m,a,l,e,_,s,a,d
m,a,l,e,_,s,a,d
f,e,m,a,l,e,_,s,a,d
m,a,l,e,_,s,a,d
f,e,m,a,l,e,_,s,a,d
m,a,l,e,_,s,a,d
f,e,m,a,l,e,_,s,a,d
m,a,l,e,_,s,a,d
f,e,m,a,l,e,_,s,a,d
m,a,l,e,_,s,a,d
f,e,m,a,l,e,_,s,a,d
m,a,l,e,_,s,a,d
f,e,m,a,l,e,_,s,a,d
m,a,l,e,_,s,a,d
f,e,m,a,l,e,_,s,a,d
m,a,l,e,_,s,a,d
f,e,m,a,l,e,_,s,a,d
m,a,l,e,_,s,a,d
f,e,m,a,l,e,_,s,a,d
m,a,l,e,_,s,a,d
f,e,m,a,l,e,_,s,a,d
m,a,l,e,_,s,a,d
m,a,l,e,_,s,a,d
f,e,m,a,l,e,_,s,a,d
m,a,l,e,_,s,a,d
f,e,m,a,l,e,_,s,a,d
m,a,l,e,_,s,a,d
f,e,m,a,l,e,_,s,a,d
m,a,l,e,_,a,n,g,r,y
f,e,m,a,l,e,_,a,n,g,r,y
m,a,l,e,_,a,n,g,r,y
f,e,m,a,l,e,_,a,n,g,r,y
m,a,l,e,_,a,n,g,r,y
f,e,m,a,l,e,_,a,n,g,r,y
m,a,l,e,_,a,n,g,r,y
f,e,m,a,l,e,_,a,n,g,r,y
m,a,l,e,_,a,n,g,r,y
f,e,m,a,l,e,_,a,n,g,r,y
m,a,l,e,_,a,n,g,r,y
f,e,m,a,l,e,_,a,n,g,r,y
m,a,l,e,_,a,n,g,r,y
f,e,m,a,l,e,_,a,n,g,r,y
m,a,l,e,_,a,n,g,r,y
f,e,m,a,l,e,_,a,n,g,r,y
m,a,l,e,_,a,n,g,r,y
m,a,l,e,_,a,n,g,r,y
f,e,m,a,l,e,_,a,n,g,r,y
m,a,l,e,_,a,n,g,r,y
f,e,m,a,l,e,_,a,n,g,r,y
m,a,l,e,_,a,n,g,r,y
f,e,m,a,l,e,_,a,n,g,r,y
m,a,l,e,_,a,n,g,r,y
f,e,m,a,l,e,_,a,n,g,r,y
m,a,l,e,_,a,n,g,r,y
f,e,m,a,l,e,_,a,n,g,r,y
m,a,l,e,_,a,n,g,r,y
f,e,m,a,l,e,_,a,n,g,r,y
m,a,l,e,_,a,n,g,r,y
f,e,m,a,l,e,_,a,n,g,r,y
m,a,l,e,_,a,n,g,r,y
f,e,m,a,l,e,_,a,n,g,r,y
m,a,l,e,_,a,n,g,r,y
f,e,m,a,l,e,_,a,n,g,r,y
m,a,l,e,_,a,n,g,r,y
f,e,m,a,l,e,_,a,n,g,r,y
m,a,l,e,_,a,n,g,r,y
f,e,m,a,l,e,_,a,n,g,r,y
m,a,l,e,_,a,n,g,r,y
m,a,l,e,_,a,n,g,r,y
f,e,m,a,l,e,_,a,n,g,r,y
m,a,l,e,_,a,n,g,r,y
f,e,m,a,l,e,_,a,n,g,r,y
m,a,l,e,_,a,n,g,r,y
f,e,m,a,l,e,_,a,n,g,r,y
m,a,l,e,_,a,n,g,r,y
f,e,m,a,l,e,_,a,n,g,r,y
m,a,l,e,_,a,n,g,r,y
f,e,m,a,l,e,_,a,n,g,r,y
m,a,l,e,_,a,n,g,r,y
f,e,m,a,l,e,_,a,n,g,r,y
m,a,l,e,_,a,n,g,r,y
f,e,m,a,l,e,_,a,n,g,r,y
m,a,l,e,_,a,n,g,r,y
f,e,m,a,l,e,_,a,n,g,r,y
m,a,l,e,_,a,n,g,r,y
f,e,m,a,l,e,_,a,n,g,r,y
m,a,l,e,_,a,n,g,r,y
f,e,m,a,l,e,_,a,n,g,r,y
m,a,l,e,_,a,n,g,r,y
f,e,m,a,l,e,_,a,n,g,r,y
m,a,l,e,_,a,n,g,r,y
m,a,l,e,_,a,n,g,r,y
f,e,m,a,l,e,_,a,n,g,r,y
m,a,l,e,_,a,n,g,r,y
f,e,m,a,l,e,_,a,n,g,r,y
m,a,l,e,_,a,n,g,r,y
f,e,m,a,l,e,_,a,n,g,r,y
m,a,l,e,_,a,n,g,r,y
f,e,m,a,l,e,_,a,n,g,r,y
m,a,l,e,_,a,n,g,r,y
f,e,m,a,l,e,_,a,n,g,r,y
m,a,l,e,_,a,n,g,r,y
f,e,m,a,l,e,_,a,n,g,r,y
m,a,l,e,_,a,n,g,r,y
f,e,m,a,l,e,_,a,n,g,r,y
m,a,l,e,_,a,n,g,r,y
f,e,m,a,l,e,_,a,n,g,r,y
m,a,l,e,_,a,n,g,r,y
f,e,m,a,l,e,_,a,n,g,r,y
m,a,l,e,_,a,n,g,r,y
f,e,m,a,l,e,_,a,n,g,r,y
m,a,l,e,_,a,n,g,r,y
f,e,m,a,l,e,_,a,n,g,r,y
m,a,l,e,_,a,n,g,r,y
m,a,l,e,_,a,n,g,r,y
f,e,m,a,l,e,_,a,n,g,r,y
m,a,l,e,_,a,n,g,r,y
f,e,m,a,l,e,_,a,n,g,r,y
m,a,l,e,_,a,n,g,r,y
f,e,m,a,l,e,_,a,n,g,r,y
m,a,l,e,_,a,n,g,r,y
f,e,m,a,l,e,_,a,n,g,r,y
m,a,l,e,_,a,n,g,r,y
f,e,m,a,l,e,_,a,n,g,r,y
m,a,l,e,_,a,n,g,r,y
f,e,m,a,l,e,_,a,n,g,r,y
m,a,l,e,_,a,n,g,r,y
f,e,m,a,l,e,_,a,n,g,r,y
m,a,l,e,_,a,n,g,r,y
f,e,m,a,l,e,_,a,n,g,r,y
m,a,l,e,_,a,n,g,r,y
f,e,m,a,l,e,_,a,n,g,r,y
m,a,l,e,_,a,n,g,r,y
f,e,m,a,l,e,_,a,n,g,r,y
m,a,l,e,_,a,n,g,r,y
f,e,m,a,l,e,_,a,n,g,r,y
m,a,l,e,_,a,n,g,r,y
m,a,l,e,_,a,n,g,r,y
f,e,m,a,l,e,_,a,n,g,r,y
m,a,l,e,_,a,n,g,r,y
f,e,m,a,l,e,_,a,n,g,r,y
m,a,l,e,_,a,n,g,r,y
f,e,m,a,l,e,_,a,n,g,r,y
m,a,l,e,_,a,n,g,r,y
f,e,m,a,l,e,_,a,n,g,r,y
m,a,l,e,_,a,n,g,r,y
f,e,m,a,l,e,_,a,n,g,r,y
m,a,l,e,_,a,n,g,r,y
f,e,m,a,l,e,_,a,n,g,r,y
m,a,l,e,_,a,n,g,r,y
f,e,m,a,l,e,_,a,n,g,r,y
m,a,l,e,_,a,n,g,r,y
f,e,m,a,l,e,_,a,n,g,r,y
m,a,l,e,_,a,n,g,r,y
f,e,m,a,l,e,_,a,n,g,r,y
m,a,l,e,_,a,n,g,r,y
f,e,m,a,l,e,_,a,n,g,r,y
m,a,l,e,_,a,n,g,r,y
f,e,m,a,l,e,_,a,n,g,r,y
m,a,l,e,_,a,n,g,r,y
m,a,l,e,_,a,n,g,r,y
f,e,m,a,l,e,_,a,n,g,r,y
m,a,l,e,_,a,n,g,r,y
f,e,m,a,l,e,_,a,n,g,r,y
m,a,l,e,_,a,n,g,r,y
f,e,m,a,l,e,_,a,n,g,r,y
m,a,l,e,_,a,n,g,r,y
f,e,m,a,l,e,_,a,n,g,r,y
m,a,l,e,_,a,n,g,r,y
f,e,m,a,l,e,_,a,n,g,r,y
m,a,l,e,_,a,n,g,r,y
f,e,m,a,l,e,_,a,n,g,r,y
m,a,l,e,_,a,n,g,r,y
f,e,m,a,l,e,_,a,n,g,r,y
m,a,l,e,_,a,n,g,r,y
f,e,m,a,l,e,_,a,n,g,r,y
m,a,l,e,_,a,n,g,r,y
f,e,m,a,l,e,_,a,n,g,r,y
m,a,l,e,_,a,n,g,r,y
f,e,m,a,l,e,_,a,n,g,r,y
m,a,l,e,_,a,n,g,r,y
f,e,m,a,l,e,_,a,n,g,r,y
m,a,l,e,_,a,n,g,r,y
m,a,l,e,_,a,n,g,r,y
f,e,m,a,l,e,_,a,n,g,r,y
m,a,l,e,_,a,n,g,r,y
f,e,m,a,l,e,_,a,n,g,r,y
m,a,l,e,_,a,n,g,r,y
f,e,m,a,l,e,_,a,n,g,r,y
m,a,l,e,_,a,n,g,r,y
f,e,m,a,l,e,_,a,n,g,r,y
m,a,l,e,_,a,n,g,r,y
f,e,m,a,l,e,_,a,n,g,r,y
m,a,l,e,_,a,n,g,r,y
f,e,m,a,l,e,_,a,n,g,r,y
m,a,l,e,_,a,n,g,r,y
f,e,m,a,l,e,_,a,n,g,r,y
m,a,l,e,_,a,n,g,r,y
f,e,m,a,l,e,_,a,n,g,r,y
m,a,l,e,_,a,n,g,r,y
f,e,m,a,l,e,_,a,n,g,r,y
m,a,l,e,_,a,n,g,r,y
f,e,m,a,l,e,_,a,n,g,r,y
m,a,l,e,_,a,n,g,r,y
f,e,m,a,l,e,_,a,n,g,r,y
m,a,l,e,_,a,n,g,r,y
m,a,l,e,_,a,n,g,r,y
f,e,m,a,l,e,_,a,n,g,r,y
m,a,l,e,_,a,n,g,r,y
f,e,m,a,l,e,_,a,n,g,r,y
m,a,l,e,_,a,n,g,r,y
f,e,m,a,l,e,_,a,n,g,r,y
m,a,l,e,_,f,e,a,r,f,u,l
f,e,m,a,l,e,_,f,e,a,r,f,u,l
m,a,l,e,_,f,e,a,r,f,u,l
f,e,m,a,l,e,_,f,e,a,r,f,u,l
m,a,l,e,_,f,e,a,r,f,u,l
f,e,m,a,l,e,_,f,e,a,r,f,u,l
m,a,l,e,_,f,e,a,r,f,u,l
f,e,m,a,l,e,_,f,e,a,r,f,u,l
m,a,l,e,_,f,e,a,r,f,u,l
f,e,m,a,l,e,_,f,e,a,r,f,u,l
m,a,l,e,_,f,e,a,r,f,u,l
f,e,m,a,l,e,_,f,e,a,r,f,u,l
m,a,l,e,_,f,e,a,r,f,u,l
f,e,m,a,l,e,_,f,e,a,r,f,u,l
m,a,l,e,_,f,e,a,r,f,u,l
f,e,m,a,l,e,_,f,e,a,r,f,u,l
m,a,l,e,_,f,e,a,r,f,u,l
m,a,l,e,_,f,e,a,r,f,u,l
f,e,m,a,l,e,_,f,e,a,r,f,u,l
m,a,l,e,_,f,e,a,r,f,u,l
f,e,m,a,l,e,_,f,e,a,r,f,u,l
m,a,l,e,_,f,e,a,r,f,u,l
f,e,m,a,l,e,_,f,e,a,r,f,u,l
m,a,l,e,_,f,e,a,r,f,u,l
f,e,m,a,l,e,_,f,e,a,r,f,u,l
m,a,l,e,_,f,e,a,r,f,u,l
f,e,m,a,l,e,_,f,e,a,r,f,u,l
m,a,l,e,_,f,e,a,r,f,u,l
f,e,m,a,l,e,_,f,e,a,r,f,u,l
m,a,l,e,_,f,e,a,r,f,u,l
f,e,m,a,l,e,_,f,e,a,r,f,u,l
m,a,l,e,_,f,e,a,r,f,u,l
f,e,m,a,l,e,_,f,e,a,r,f,u,l
m,a,l,e,_,f,e,a,r,f,u,l
f,e,m,a,l,e,_,f,e,a,r,f,u,l
m,a,l,e,_,f,e,a,r,f,u,l
f,e,m,a,l,e,_,f,e,a,r,f,u,l
m,a,l,e,_,f,e,a,r,f,u,l
f,e,m,a,l,e,_,f,e,a,r,f,u,l
m,a,l,e,_,f,e,a,r,f,u,l
m,a,l,e,_,f,e,a,r,f,u,l
f,e,m,a,l,e,_,f,e,a,r,f,u,l
m,a,l,e,_,f,e,a,r,f,u,l
f,e,m,a,l,e,_,f,e,a,r,f,u,l
m,a,l,e,_,f,e,a,r,f,u,l
f,e,m,a,l,e,_,f,e,a,r,f,u,l
m,a,l,e,_,f,e,a,r,f,u,l
f,e,m,a,l,e,_,f,e,a,r,f,u,l
m,a,l,e,_,f,e,a,r,f,u,l
f,e,m,a,l,e,_,f,e,a,r,f,u,l
m,a,l,e,_,f,e,a,r,f,u,l
f,e,m,a,l,e,_,f,e,a,r,f,u,l
m,a,l,e,_,f,e,a,r,f,u,l
f,e,m,a,l,e,_,f,e,a,r,f,u,l
m,a,l,e,_,f,e,a,r,f,u,l
f,e,m,a,l,e,_,f,e,a,r,f,u,l
m,a,l,e,_,f,e,a,r,f,u,l
f,e,m,a,l,e,_,f,e,a,r,f,u,l
m,a,l,e,_,f,e,a,r,f,u,l
f,e,m,a,l,e,_,f,e,a,r,f,u,l
m,a,l,e,_,f,e,a,r,f,u,l
f,e,m,a,l,e,_,f,e,a,r,f,u,l
m,a,l,e,_,f,e,a,r,f,u,l
m,a,l,e,_,f,e,a,r,f,u,l
f,e,m,a,l,e,_,f,e,a,r,f,u,l
m,a,l,e,_,f,e,a,r,f,u,l
f,e,m,a,l,e,_,f,e,a,r,f,u,l
m,a,l,e,_,f,e,a,r,f,u,l
f,e,m,a,l,e,_,f,e,a,r,f,u,l
m,a,l,e,_,f,e,a,r,f,u,l
f,e,m,a,l,e,_,f,e,a,r,f,u,l
m,a,l,e,_,f,e,a,r,f,u,l
f,e,m,a,l,e,_,f,e,a,r,f,u,l
m,a,l,e,_,f,e,a,r,f,u,l
f,e,m,a,l,e,_,f,e,a,r,f,u,l
m,a,l,e,_,f,e,a,r,f,u,l
f,e,m,a,l,e,_,f,e,a,r,f,u,l
m,a,l,e,_,f,e,a,r,f,u,l
f,e,m,a,l,e,_,f,e,a,r,f,u,l
m,a,l,e,_,f,e,a,r,f,u,l
f,e,m,a,l,e,_,f,e,a,r,f,u,l
m,a,l,e,_,f,e,a,r,f,u,l
f,e,m,a,l,e,_,f,e,a,r,f,u,l
m,a,l,e,_,f,e,a,r,f,u,l
f,e,m,a,l,e,_,f,e,a,r,f,u,l
m,a,l,e,_,f,e,a,r,f,u,l
m,a,l,e,_,f,e,a,r,f,u,l
f,e,m,a,l,e,_,f,e,a,r,f,u,l
m,a,l,e,_,f,e,a,r,f,u,l
f,e,m,a,l,e,_,f,e,a,r,f,u,l
m,a,l,e,_,f,e,a,r,f,u,l
f,e,m,a,l,e,_,f,e,a,r,f,u,l
m,a,l,e,_,f,e,a,r,f,u,l
f,e,m,a,l,e,_,f,e,a,r,f,u,l
m,a,l,e,_,f,e,a,r,f,u,l
f,e,m,a,l,e,_,f,e,a,r,f,u,l
m,a,l,e,_,f,e,a,r,f,u,l
f,e,m,a,l,e,_,f,e,a,r,f,u,l
m,a,l,e,_,f,e,a,r,f,u,l
f,e,m,a,l,e,_,f,e,a,r,f,u,l
m,a,l,e,_,f,e,a,r,f,u,l
f,e,m,a,l,e,_,f,e,a,r,f,u,l
m,a,l,e,_,f,e,a,r,f,u,l
f,e,m,a,l,e,_,f,e,a,r,f,u,l
m,a,l,e,_,f,e,a,r,f,u,l
f,e,m,a,l,e,_,f,e,a,r,f,u,l
m,a,l,e,_,f,e,a,r,f,u,l
f,e,m,a,l,e,_,f,e,a,r,f,u,l
m,a,l,e,_,f,e,a,r,f,u,l
m,a,l,e,_,f,e,a,r,f,u,l
f,e,m,a,l,e,_,f,e,a,r,f,u,l
m,a,l,e,_,f,e,a,r,f,u,l
f,e,m,a,l,e,_,f,e,a,r,f,u,l
m,a,l,e,_,f,e,a,r,f,u,l
f,e,m,a,l,e,_,f,e,a,r,f,u,l
m,a,l,e,_,f,e,a,r,f,u,l
f,e,m,a,l,e,_,f,e,a,r,f,u,l
m,a,l,e,_,f,e,a,r,f,u,l
f,e,m,a,l,e,_,f,e,a,r,f,u,l
m,a,l,e,_,f,e,a,r,f,u,l
f,e,m,a,l,e,_,f,e,a,r,f,u,l
m,a,l,e,_,f,e,a,r,f,u,l
f,e,m,a,l,e,_,f,e,a,r,f,u,l
m,a,l,e,_,f,e,a,r,f,u,l
f,e,m,a,l,e,_,f,e,a,r,f,u,l
m,a,l,e,_,f,e,a,r,f,u,l
f,e,m,a,l,e,_,f,e,a,r,f,u,l
m,a,l,e,_,f,e,a,r,f,u,l
f,e,m,a,l,e,_,f,e,a,r,f,u,l
m,a,l,e,_,f,e,a,r,f,u,l
f,e,m,a,l,e,_,f,e,a,r,f,u,l
m,a,l,e,_,f,e,a,r,f,u,l
m,a,l,e,_,f,e,a,r,f,u,l
f,e,m,a,l,e,_,f,e,a,r,f,u,l
m,a,l,e,_,f,e,a,r,f,u,l
f,e,m,a,l,e,_,f,e,a,r,f,u,l
m,a,l,e,_,f,e,a,r,f,u,l
f,e,m,a,l,e,_,f,e,a,r,f,u,l
m,a,l,e,_,f,e,a,r,f,u,l
f,e,m,a,l,e,_,f,e,a,r,f,u,l
m,a,l,e,_,f,e,a,r,f,u,l
f,e,m,a,l,e,_,f,e,a,r,f,u,l
m,a,l,e,_,f,e,a,r,f,u,l
f,e,m,a,l,e,_,f,e,a,r,f,u,l
m,a,l,e,_,f,e,a,r,f,u,l
f,e,m,a,l,e,_,f,e,a,r,f,u,l
m,a,l,e,_,f,e,a,r,f,u,l
f,e,m,a,l,e,_,f,e,a,r,f,u,l
m,a,l,e,_,f,e,a,r,f,u,l
f,e,m,a,l,e,_,f,e,a,r,f,u,l
m,a,l,e,_,f,e,a,r,f,u,l
f,e,m,a,l,e,_,f,e,a,r,f,u,l
m,a,l,e,_,f,e,a,r,f,u,l
f,e,m,a,l,e,_,f,e,a,r,f,u,l
m,a,l,e,_,f,e,a,r,f,u,l
m,a,l,e,_,f,e,a,r,f,u,l
f,e,m,a,l,e,_,f,e,a,r,f,u,l
m,a,l,e,_,f,e,a,r,f,u,l
f,e,m,a,l,e,_,f,e,a,r,f,u,l
m,a,l,e,_,f,e,a,r,f,u,l
f,e,m,a,l,e,_,f,e,a,r,f,u,l
m,a,l,e,_,f,e,a,r,f,u,l
f,e,m,a,l,e,_,f,e,a,r,f,u,l
m,a,l,e,_,f,e,a,r,f,u,l
f,e,m,a,l,e,_,f,e,a,r,f,u,l
m,a,l,e,_,f,e,a,r,f,u,l
f,e,m,a,l,e,_,f,e,a,r,f,u,l
m,a,l,e,_,f,e,a,r,f,u,l
f,e,m,a,l,e,_,f,e,a,r,f,u,l
m,a,l,e,_,f,e,a,r,f,u,l
f,e,m,a,l,e,_,f,e,a,r,f,u,l
m,a,l,e,_,f,e,a,r,f,u,l
f,e,m,a,l,e,_,f,e,a,r,f,u,l
m,a,l,e,_,f,e,a,r,f,u,l
f,e,m,a,l,e,_,f,e,a,r,f,u,l
m,a,l,e,_,f,e,a,r,f,u,l
f,e,m,a,l,e,_,f,e,a,r,f,u,l
m,a,l,e,_,f,e,a,r,f,u,l
m,a,l,e,_,f,e,a,r,f,u,l
f,e,m,a,l,e,_,f,e,a,r,f,u,l
m,a,l,e,_,f,e,a,r,f,u,l
f,e,m,a,l,e,_,f,e,a,r,f,u,l
m,a,l,e,_,f,e,a,r,f,u,l
f,e,m,a,l,e,_,f,e,a,r,f,u,l
